,Nama Penjual,Nama Produk,Harga,Lokasi penjual,Jumlah terjual,Rating
0,Sajodo Snack & Food,SEBLAK INSTAN SAJODO SNACK,Rp22.500,Tasikmalaya,100+ terjual,4.8
1,Kylafood Jakarta,Kylafood Seblak Rempah Autentik,Rp14.000,Jakarta Selatan,250+ terjual,5.0
2,hikmah berkah jaya,seblak instant sajodo snak,Rp19.000,Jakarta Barat,1rb+ terjual,4.8
3,ivy's-kitchen,PROMO !!!! Seblak Instan Beli 20 free 1 Murah Enak,Rp4.280,Kab. Tangerang,750+ terjual,4.7
4,Sajodo Snack & Food,"[ Buy 5 Get 5 ] Special Bedug Package (Baso Aci, Seblak, Keju Aroma...",Rp150.000,Tasikmalaya,7 terjual,4.8
5,GK_Snack,KERUPUK MENTAH SERBA 5000 BAHAN SEBLAK,Rp6.000,Kab. Bandung,750+ terjual,4.9
6,SNACK JAKARTA 411,Kerupuk Seblak,Rp8.000,Jakarta Barat,500+ terjual,5.0
7,Sultan Meat Shop,Seblak Sultan instant,Rp14.000,Medan,250+ terjual,4.8
8,Lidigeli,Gelifood Combo 3pcs Seblak Ceker Tanpa Tulang Super Pedas,Rp65.000,Kab. Garut,50+ terjual,4.6
9,ajs(ale jaya snack),KERUPUK SEBLAK MINI KENCUR JABLAY BANTET PEDAS 500GRAM KILOAN,Rp23.000,Jakarta Utara,40+ terjual,4.9
10,Semesta kerupuk,Kerupuk mawar putih 1kg / kerupuk ikan/kerupuk seblak viral,Rp25.000,Tangerang Selatan,70+ terjual,4.9
11,NomeL Shop,BASO ACI HOMEMADE boci isi12 bakso aci termurah baso aci fresh seblak,Rp5.400,Surabaya,3rb+ terjual,4.6
12,Rak Sebelah,Bundle - Basranger Seblak | Baso Aci Extra Pedas | Tulang Rangu,Rp56.300,Jakarta Pusat,100+ terjual,4.9
13,Sajodo Snack & Food,3 BASO ACI FREE SEBLAK SAJODO SNACK & FOOD,Rp90.000,Tasikmalaya,70+ terjual,5.0
14,tokomakanankalimantan,seblak instan jeletot jajanan hits bandung 1 porsi,Rp4.180,Jakarta Barat,1rb+ terjual,4.8
15,CUANKI CULAMETAN,siomay mini kering 1kg toping seblak baso aci,Rp25.999,Kab. Garut,100+ terjual,4.9
16,Sajodo Snack & Food,SEBLAK INSTAN SAJODO SNACK,Rp22.500,Tasikmalaya,100+ terjual,4.8
17,Kylafood Jakarta,Kylafood Seblak Rempah Autentik,Rp14.000,Jakarta Selatan,250+ terjual,5.0
18,Markas Makaroni,Muria Seblak Stik Cabe Merah Snack 60 gram,Rp5.900,Kab. Bekasi,250+ terjual,4.9
19,Kylafood Jakarta,Kylafood Seblak Rempah Autentik,Rp14.000,Jakarta Selatan,250+ terjual,5.0
20,Sajodo Snack & Food,"[ Buy 5 Get 5 ] Special Bedug Package (Baso Aci, Seblak, Keju Aroma...",Rp150.000,Tasikmalaya,7 terjual,4.8
21,ICIP ICIP SNACK BANDUNG,SEBLAK KERIPIK BETON 500GR CIKRUH / SEBRING KERUPUK BETON 500GR CIKRUH,Rp45.000,Bandung,27 terjual,4.9
22,toko bemo,Kerupuk Seblak Pedas Krupuk Pelangi Pedas Seblak 200gram,Rp14.250,Jakarta Timur,500+ terjual,4.9
23,Sultan Meat Shop,Seblak Sultan instant,Rp14.000,Medan,250+ terjual,4.8
24,ArfaOnlineShop,TOPPING SEBLAK/BASO ACI PAKET MIX TERMURAH/CUANKI/CUANKIE,Rp34.999,Tangerang,100+ terjual,4.9
25,yohangunawan94,Kerupuk Merah Seblak 250gr BANDUNG,Rp4.750,Bandung,1rb+ terjual,5.0
26,ArfaOnlineShop,cuanki/cuankie lidah 50 pcs khas Garut topping baso Aci/seblak/boci,Rp16.999,Tangerang,100+ terjual,4.9
27,global cookware1,"CUANKI TAHU TOPING BASO ACI, SEBLAK, MIE INSTAN ENAK GURIH",Rp22.500,Jakarta Barat,1rb+ terjual,4.8
28,BociKakang,KERUPUK SEBLAK PEDAS DAUN JERUK 100 GR,Rp4.500,Jakarta Selatan,500+ terjual,4.7
29,Kylafood Jakarta,Seblak Rempah Autentik isi 5 pcs,Rp68.000,Jakarta Selatan,90+ terjual,4.9
30,insanprimastore,Kerupuk Joged Bawang Bibir Warna Warni mentah 500gr Seblak,Rp10.850,Tangerang Selatan,40+ terjual,4.9
31,CUANKI CULAMETAN,siomay mini kering 1kg toping seblak baso aci,Rp25.999,Kab. Garut,100+ terjual,4.9
32,The Little Snacks,Seblak Putih Pedas / Kerupuk Bawang Pedas Odjolali Oleh Oleh Bsndung,Rp9.900,Tangerang Selatan,1rb+ terjual,4.9
33,Seblak Mang Muss,SEBLAK INSTAN MANG MUSS - LEVEL 10,Rp13.999,Tasikmalaya,750+ terjual,4.9
34,Kerabat Official Store,Cuanki Lidah Kerupuk Cuanky Topping Baso Aci Seblak isi 150 Pcs,Rp33.000,Kab. Tasikmalaya,100+ terjual,4.9
35,The Little Snacks,Kerupuk Seblak Rafael Pedas Daun Jeruk | Krupuk Mawar Pedes,Rp22.900,Tangerang Selatan,40+ terjual,4.8
36,CuankiCulametan,Cuanki tahu atau batagor kering kiloan murah isi 150 seblak baso aci,Rp32.900,Kab. Garut,100+ terjual,4.9
37,Rav Jaya Display,SEBLAK INSTAN MOMMY,Rp13.900,Kab. Tangerang,1rb+ terjual,4.8
38,DUO BOCIL SNACK,Kerupuk Seblak Rafael Pedas / Seblak Mawar Pedes - Duo Bocil Snack,Rp16.000,Depok,250+ terjual,4.9
39,Snack Zone Official,Baso urat djuara sami raos/Baso Aci Urat /Seblak,Rp28.000,Jakarta Selatan,19 terjual,5.0
40,insanprimastore,Kerupuk Seblak Rafael Mawar Kecil Mentah 500 Gr / Seblak Viral YONGKI,Rp12.500,Tangerang Selatan,40+ terjual,5.0
41,RIKI STORE 97,kerupuk seblak kering enak gurih,Rp5.000,Kab. Bogor,250+ terjual,4.8
42,Pedas Gilaa,Seblak Instant Homemade Lengkap Bumbu,Rp5.500,Surabaya,3rb+ terjual,4.8
43,Central Seblak Nusantara,Seblak Instan Ceu Nthien Khas Bandung Rasana Ngeunah Pisan,Rp17.000,Tangerang Selatan,2rb+ terjual,4.9
44,Beauty DELUXE,SAMBAL SEBLAK BY MAMANG RAFAEL ORIGINAL HALAL VIRAALLL,Rp39.500,Jakarta Barat,28 terjual,4.9
45,Markas Makaroni,Kerupuk seblak mawar bantet 1 kg,Rp48.000,Kab. Bekasi,21 terjual,5.0
46,global cookware1,10 BUNGKUS SEBLAK COBEK ALA RAFAEL,Rp55.000,Jakarta Barat,10 terjual,5.0
47,Keva store,Comring Seblak 200gr | Pedas | Makanan Ringan | Cemilan | Snack Renyah - Seblak Pedas,Rp19.000,Depok,100+ terjual,5.0
48,Lakoca Official Shop,Paket Isi 6 Cuanki Instan Lakoca | Latagor | Seblak | Makaroni,Rp93.840,Cimahi,40+ terjual,4.8
49,Rak Sebelah,Bundle - Basranger Seblak | Baso Aci Extra Pedas | Tulang Rangu,Rp56.300,Jakarta Pusat,100+ terjual,4.9
50,RIKI STORE 97,Kerupuk seblak bantet pedas 75 gr enak,Rp4.500,Kab. Bogor,14 terjual,5.0
51,ArfaOnlineShop,PILUS CIKUR 250 GRAM KHAS SUKABUMI BASO ACI/BOCI/SEBLAK,Rp9.999,Tangerang,90+ terjual,4.9
52,Lakoca Official Shop,GFS Seblak Basah Instan Original - Tinggal Seduh 3 Menit Langsung Siap,Rp16.618,Cimahi,100+ terjual,4.9
53,lisdhacollection,Seblak Komplitâ €â €,Rp5.500,Kab. Garut,3rb+ terjual,4.8
54,Foodstocks,Seblak Hot Spicy By Bapper Food / Seblak Instant Khas Bandung,Rp16.800,Jakarta Selatan,100+ terjual,5.0
55,Foodstocks,Seblak Nyai Mercon,Rp24.700,Jakarta Selatan,3 terjual,4.9
56,Pusat Cuankie & Cemilan Frozen,KERUPUK OREN 1KG TOPPING SEBLAK,Rp21.000,Jakarta Timur,40+ terjual,4.9
57,Grosir Putra Bdg,Seblak instant jumbo super pedas,Rp6.700,Kab. Bandung,100+ terjual,4.9
58,ArfaOnlineShop,PAKET KOMPLIT BUMBU BASO ACI/BOCI/CUANKI/SEBLAK ECERAN,Rp1.200,Tangerang,250+ terjual,5.0
59,Toko kue Sumber Mas,KERUPUK / KRUPUK SEBLAK RASA PEDAS / TERLARIS / KILOAN 500 GR,Rp31.164,Jakarta Timur,100+ terjual,4.8
60,MSH Rempah,Bumbu Seblak 200 g Dengan Kerupuk,Rp34.980,Jakarta Selatan,80+ terjual,5.0
61,AMANA SNACK,Marenta Seblak Instan,Rp14.590,Tangerang Selatan,250+ terjual,4.9
62,AkagamiShanks40,Seblak Bandung Jawara Pedas,Rp28.000,Jakarta Pusat,6 terjual,5.0
63,kylafood,Kylafood Seblak Mie Baso Sapi Play,Rp26.125,Bandung,250+ terjual,4.9
64,kylafood,Kylafood Seblak Rempah Autentik isi (20 pcs),Rp294.120,Bandung,11 terjual,5.0
65,Parengge Rengge bumbu & rempah,Kerupuk Bawang Prima / Krupuk Seblak 500gram,Rp17.500,Jakarta Timur,5 terjual,5.0
66,fahirastores,siomay mini kering 1kg / cuanki / batagor / seblak / bakso aci,Rp29.000,Kab. Bandung Barat,100+ terjual,4.9
67,RIKI STORE 97,Sabring kerupuk seblak jablay pedas Jumbo,Rp15.000,Kab. Bogor,21 terjual,4.8
68,CUANKI CULAMETAN,cuanki tahu gepeng isi 100 pcs toping seblak bsso aci,Rp39.999,Kab. Garut,100+ terjual,4.8
69,kylafood, Kylafood Seblak karuhun,Rp12.825,Bandung,4rb+ terjual,4.8
70,Roda Minang,Kerupuk bawang prima / Kerupuk warna warni / Kerupuk seblak - 500 Gram,Rp12.000,Jakarta Barat,30+ terjual,4.9
71,Gerai Snack Official Shop,Seblak Mommy,Rp13.900,Kab. Tangerang,2rb+ terjual,4.6
72,Seblak carla,5 Pack Seblak Instant CARLA,Rp74.999,Tangerang,60+ terjual,5.0
73,NomeL Shop,BASO ACI HOMEMADE boci isi 6 baso aci tulang rangu seblak Boci sehot,Rp3.800,Surabaya,100+ terjual,4.4
74,AUFARO SNACK,seblak instant komplit bumbu cikruh bandung aufaro snack,Rp6.800,Kab. Bandung Barat,500+ terjual,4.9
75,Distributor Cuanki dan Seblak,Cuanki Tahu Panjang isi 25 pcs toping seblak baso aci bakso cuanki,Rp8.500,Kab. Bekasi,100+ terjual,4.8
76,afif jaya cemilan,KRUPUK SEBLAK KERING rasa KENCUR afif jaya cemilan,Rp8.900,Surabaya,30+ terjual,5.0
77,RIKI STORE 97,kerupuk seblak Pedas 75 gram gurih,Rp5.000,Kab. Bogor,12 terjual,4.0
78,DINAYASHOP,Kerupuk Mentah seblak 1kg,Rp20.000,Jakarta Barat,80+ terjual,4.5
79,Muysproduct,seblak instan mie bakso om brewok,Rp16.000,Kab. Bogor,5 terjual,5.0
80,Pisang Goreng Madu Bu Nanik,Keripik Tempe Oven,Rp30.500,Jakarta Barat,4rb+ terjual,4.7
81,Pisang Goreng Madu Bu Nanik,Kerupuk Puli Gendar cap Telor Walet khas Madiun,Rp22.000,Jakarta Barat,1rb+ terjual,4.9
82,Kairashop_id,KRUPUK SEBLAK RAFAEL | SEBRING | KERUPUK MAWAR PEDAS DAUN JERUK,Rp3.800,Surabaya,60+ terjual,4.9
83,nyemilsaji,SEBLAK INSTAN SIAP SAJI,Rp15.897,Kab. Bandung,1rb+ terjual,4.8
84,Lakoca Official Shop,Lakoca Cuanki Instan Xtra Pedas - 3 Menit Siap Santap!,Rp16.618,Cimahi,500+ terjual,4.8
85,AHR Jaya Snack,KERUPUK PEDAS KRIWIL 500gr / KRUPUK SEBLAK SUPER PEDAS,Rp32.200,Jakarta Timur,14 terjual,5.0
86,toko kue pundi mas,KERUPUK KRUPUK JABLAY SEBLAK PELANGI KILOAN TERLARIS 250 GRAM,Rp18.500,Jakarta Pusat,100+ terjual,4.9
87,Pisang Goreng Madu Bu Nanik,Keripik Kentang Pedas Tridara Snack,Rp16.500,Jakarta Barat,500+ terjual,4.9
88,Snackzone PP,Keripik Seblak Pedas Putih,Rp18.000,Jakarta Pusat,30+ terjual,5.0
89,The Little Snacks,Seblak Merah Pedas / Kerupuk Bawang Oleh Oleh Bandung Odjolali,Rp9.900,Tangerang Selatan,500+ terjual,4.9
90,Snackzone PP,Kerupuk Seblak Pedas Mini,Rp18.000,Jakarta Pusat,30+ terjual,5.0
91,ArfaOnlineShop,MIE BURUNG DARA ISI 30 PCS BASO ACI/BOCI/SEBLAK,Rp26.000,Tangerang,40+ terjual,4.6
92,Kairashop_id,SEBLAK INSTAN | BASO ACI | CUANKIE KUAH INSTAN,Rp5.500,Surabaya,40+ terjual,4.4
93,Toko kue Sumber Mas,KERUPUK/KRUPUK SEBLAK RASA PEDAS TERLARIS ISI 250 GRAM NETT,Rp16.695,Jakarta Timur,250+ terjual,4.9
94,Kurniarasa Baltos,KERUPUK SEBLAK PUTIH PEDAS 250 gr,Rp18.000,Bandung,250+ terjual,4.9
95,Utama.Snack,Kerupuk Seblak Pedas 200gr - mawar,Rp13.500,Surabaya,750+ terjual,4.9
96,Gerai Snack Official Shop,Mie Seblak Geprek Sami Raos Khas Garut Seblak Instant Kekinian 160gr,Rp19.700,Kab. Tangerang,100+ terjual,4.8
97,Makanan Tradisi Id,Kerupuk Seblak Mentah/ Krupuk Seblak Viral/ Kerupuk Mawar 5kg,Rp124.000,Jakarta Pusat,11 terjual,5.0
98,KEDAI SAYUR KU,Kerupuk Rafael/kerupuk seblak viral/kerupuk mawar 1kg,Rp35.000,Tangerang Selatan,30+ terjual,4.9
99,Nion.Nion_Official,"Kerupuk Seblak Pedas 100 Gram, Kerupuk Seblak Daun Jeruk Gurih Renyah - Original Brebes",Rp22.688,Tangerang Selatan,28 terjual,4.3
100,RIKI STORE 97,Sabring kerupuk seblak pedas gurih,Rp3.000,Kab. Bogor,100+ terjual,4.9
101,Eagar Wangsa,100gr Kerupuk Bawang Tersanjung Bintang Bunga Krupuk Mentah seblak,Rp4.500,Jakarta Utara,250+ terjual,4.8
102,Bintang Snack & Camilan,Kerupuk seblak Mawar / Seblak Rafael / Seblak viral 500 gr - 250 gr,Rp18.500,Semarang,22 terjual,5.0
103,yohangunawan94,Kerupuk RANTAI 250gr SEBLAK Warna Warni,Rp6.000,Bandung,500+ terjual,5.0
104,AHR Jaya Snack,KERUPUK KRIWIL PEDAS 1kg / KRUPUK SEMBRING SEBLAK KERITING,Rp67.848,Jakarta Timur,14 terjual,4.3
105,KedaiMart Official Store,Kerupuk Seblak Merah 1 Kg,Rp25.200,Tangerang,28 terjual,5.0
106,ArfaOnlineShop,baso Aci/boci/seblak CUANKI LIDAH KHAS GARUT MURAH isi 100 pcs,Rp41.999,Tangerang,6 terjual,5.0
107,Frozen Mart Jakarta,TENS Mie Kremes Seblak / Snack Vegan / Cemilan Sehat 65Gr,Rp11.990,Jakarta Utara,26 terjual,5.0
108,Mama Fuji Official,Mamafuji - Seblak Instan viral (DUTA SEBLAK APPROVED),Rp23.999,Tangerang,70+ terjual,4.8
109,Hana snack1,250gr Krupuk seblak mentah murahtersanjung keong makaroni udan,Rp5.100,Surabaya,70+ terjual,4.4
110,kylafood,Kylafood Paket (3 Seblak Original 2 Batagor kuah) ,Rp105.705,Bandung,3rb+ terjual,4.9
111,Snack Zone Official,keripik seblak pedas jeruk,Rp18.000,Jakarta Selatan,90+ terjual,4.9
112,kylafood,Kylafood Mix Batagor Kuah dan Baso Aci Sambal goang,Rp52.440,Bandung,50+ terjual,4.5
113,TOKO SNACK JAKARTA HENDI,KERUPUK / KRUPUK SEBLAK RAFAEL RENYAH / GURIH / CRISPY / KRISPY ,Rp3.300,Jakarta Selatan,1rb+ terjual,4.8
114,aghniya,"seblak ceker 1 kg pedas daun jeruk, gurih,cemilan bikin nagih",Rp35.999,Tangerang Selatan,50+ terjual,5.0
115,Rak Sebelah,Bundle 5pcs - Seblak Basranger Extra Pedas 200gr Makanan Instan Ready,Rp83.500,Jakarta Pusat,1 terjual,4.8
116,baso aci masabi,seblak instan masabi,Rp8.000,Jakarta Selatan,250+ terjual,4.8
117,28 Store Jogja,seblak instant,Rp4.788,Kab. Bantul,50+ terjual,4.8
118,kylafood,Kylafood Batagor Kuah,Rp27.075,Bandung,10rb+ terjual,4.9
119,anto frozen food,Seblak,Rp12.000,Tangerang,50+ terjual,4.9
120,ArfaOnlineShop,cuanki/cuankie lidah 150 pcs khas Garut topping boci/baso Aci/seblak,Rp46.999,Tangerang,18 terjual,5.0
121,Fiorenza Snack,Makaroni Tabur & Seblak Makaroni SiKaya-Netto 40 Gram,Rp5.000,Jakarta Timur,100+ terjual,4.7
122,KailaAini_collection,SEBRING CAMPUR/ Seblak kering Bumbu kacang/ varian pedas-original,Rp20.000,Kab. Bandung,70+ terjual,5.0
123,aghniya,"pilus cikur/kencur renceng isi 20 bks. baso aci, seblak, cemilan dll",Rp9.999,Tangerang Selatan,250+ terjual,5.0
124,nyemilsaji,CEMILAN BOX MAKARONI SPIRAL GELUNG KERUPUK SEBLAK STICK PANGSIT,Rp35.789,Kab. Bandung,750+ terjual,4.8
125,Sajodo Snack & Food,BELI 3 SEBLAK FREE 1 KEJU AROMA,Rp90.000,Tasikmalaya,30+ terjual,4.6
126,CUANKI CULAMETAN,Baso Aci Instan Culametan khas Garut ( isi 6 ),Rp4.500,Kab. Garut,3rb+ terjual,4.8
127,CUANKI CULAMETAN,Baso Aci Instan Culametan khas Garut ( isi 6 ),Rp4.500,Kab. Garut,3rb+ terjual,4.8
128,CuankiCulametan,Cuanki Pangsit kering Segitiga Cipet isi 100 toping seblak baso aci,Rp32.500,Kab. Garut,70+ terjual,4.7
129,SuperSnacksShop,KRUPUK / KERUPUK MENTAH / KERUPUK SEBLAK MENTAH 200gr MAWAR WARNA,Rp5.750,Kab. Bandung,100+ terjual,4.9
130,Aisyah Ayesha,seblak kuah mamang rafael instant pedas sunda,Rp35.000,Jakarta Selatan,2 terjual,5.0
131,The Little Snacks,Gurilem Sangarrr,Rp13.000,Tangerang Selatan,1rb+ terjual,4.8
132,TOKO KUE MEISYA,KERUPUK KRUPUK SEBLAK PEDAS 250 GR,Rp18.000,Jakarta Pusat,250+ terjual,4.9
133,tukangsayurjkt,kerupuk bawang mentah/kerupuk seblak/kerupuk warna warni 1kg,Rp37.000,Jakarta Selatan,30+ terjual,5.0
134,Gerai Snack Official Shop,Basreng Pinggsnack,Rp16.700,Kab. Tangerang,500+ terjual,4.8
135,FARZHA SNACK STORE,CAMILAN SEBLAK PEDAS 250GR SNACK KILOAN JAJAN OLEH-OLEH CEMILAN KILOAN,Rp12.900,Semarang,80+ terjual,4.7
136,sembakocitra,Kerupuk Seblak/Ikan/Sari Udang/Merah - MENTAH,Rp25.000,Tangerang,28 terjual,5.0
137,baso aci masabi,"baso aci keju, boci, bakso aci, cuanki, seblak instan",Rp10.000,Jakarta Selatan,100+ terjual,5.0
138,FAG COLLECTION,Toping Baso Aci Topping Cuanki Lidah Cuankie Lidah Isi 150 pcs seblak,Rp35.000,Surabaya,7 terjual,5.0
139,Griyo Seni,SEBLAK INSTAN,Rp5.000,Kab. Sidoarjo,100+ terjual,4.5
140,Keripik Edun Bandung,Kerupuk Seblak Kering Putih Ngembang Khas Keripik Pojok Riki Mang Odod,Rp13.999,Kab. Bandung,30+ terjual,5.0
141,Pasar Keripik Bandung,Pasar Keripik Kerupuk Seblak Mawar Mini Pedas size Kecil,Rp12.500,Bandung,80+ terjual,4.9
142,Sajodo Snack & Food,SEBLAK INSTAN SAJODO SNACK,Rp22.500,Tasikmalaya,100+ terjual,4.8
143,Kylafood Jakarta,Kylafood Seblak Rempah Autentik,Rp14.000,Jakarta Selatan,250+ terjual,5.0
144,duniacemilan,[TERMURAH!!] Seblak Instant Basranger Extra Pedas 200gram,Rp14.500,Bandung,100+ terjual,4.9
145,Nyum_mama,baso aci / seblak instan,Rp6.000,Pekanbaru,40+ terjual,4.6
146,Sajodo Snack & Food,"[ Buy 5 Get 5 ] Special Bedug Package (Baso Aci, Seblak, Keju Aroma...",Rp150.000,Tasikmalaya,7 terjual,4.8
147,Rahmatika Freshmart,Seblak Instant Carla 100 gr,Rp13.000,Tangerang Selatan,23 terjual,5.0
148,Kenal Jaya Bandung,BOBOKO Kerupuk Seblak Kering,Rp13.999,Bandung,100+ terjual,5.0
149,Kylafood Jakarta,Seblak Rempah Autentik isi 5 pcs,Rp68.000,Jakarta Selatan,90+ terjual,4.9
150,MaFa Jaya,Siomay Kering Kerikil Khas Bandung cocok untuk Pembuatan Seblak,Rp128.000,Kab. Bandung,250+ terjual,4.9
151,Lidigeli,MASJAY Combo 3pcs Seblak Bandung Instant Bumbu Pedas Membara,Rp44.000,Kab. Garut,40+ terjual,4.8
152,Kickball Official,seblak basah instan komplit 200gr,Rp12.000,Bandung,60+ terjual,5.0
153,Pasar Online Kebayoran,Kerupuk Seblak Mentah - 250 Gram,Rp11.000,Jakarta Selatan,8 terjual,5.0
154,Gerai Snack Official Shop,Maicih Seblak Keju,Rp20.500,Kab. Tangerang,500+ terjual,4.7
155,Djuragan Kerupuk,Termurah Kerupuk Mentah-Kerupuk Seblak-Kerupuk Puli,Rp8.200,Surabaya,100+ terjual,5.0
156,BandungBarayaSnack,Kerupuk Seblak Beton Pedas 250g,Rp15.000,Bandung,2 terjual,5.0
157,Lidigeli,Geli Food Seblak Ceker Tanpa Tulang Super Pedas 180gr,Rp25.000,Kab. Garut,100+ terjual,4.9
158,Yuliana Frozen,Kerupuk SEBLAK Bawang Bibir Mini/timbangan 1 kg,Rp21.000,Kab. Sidoarjo,100+ terjual,4.8
159,Seblak Mang Muss,SEBLAK INSTAN MANG MUSS - LEVEL 10,Rp13.999,Tasikmalaya,750+ terjual,4.9
160,Kickball Official,Batagor kering untuk seblak 500gr,Rp38.000,Bandung,250+ terjual,4.8
161,Mulya_Snack,Kerupuk seblak Â½kg / kerupuk seblak pedas 500 gram,Rp19.500,Kab.Ciamis,70+ terjual,4.7
162,CuankiCulametan,cuanki tahu pasung isi 50 murah batagor kering toping seblak baso aci,Rp12.500,Kab. Garut,250+ terjual,4.9
163,CEMILAN BERKAH 99,"Seblak Rafael, Seblak Kering Rafael, Kerupuk Mawar Kiloan",Rp24.900,Kab. Tasikmalaya,4 terjual,5.0
164,Celikafood,Kerupuk Putih 250 gr Krupuk Sumbersari Kurupuk Sumber Sari Seblak,Rp7.500,Bandung,90+ terjual,4.7
165,Foodstocks,Seblak Hot Spicy By Bapper Food / Seblak Instant Khas Bandung,Rp16.800,Jakarta Selatan,100+ terjual,5.0
166,nayismail,paket mix 12PCS boci cuanki seblak,Rp37.999,Cimahi,10 terjual,5.0
167,SuperSnacksShop,KRUPUK / KERUPUK MENTAH / KERUPUK SEBLAK MENTAH 1kg KEONG WARNA,Rp21.750,Kab. Bandung,100+ terjual,5.0
168,Cuanki_Bandung,"Kerupuk Gelung Mentah 200gr Bahan Seblak, Krupuk, Cemilan, Dll.",Rp5.000,Kab. Bandung,100+ terjual,4.9
169,JM Snacks,PAKET 1 BOCI EXTRA PEDAS + 1 TULANG RANGU + 1 SEBLAK BASRANGER INSTANT,Rp50.000,Bandung,40+ terjual,4.8
170,ngemildotcom,KERUPUK SEBLAK / SEBLAK GORENG / SEBLAK KERING RAFAEL / KRUPUK PEDAS,Rp17.000,Depok,30+ terjual,5.0
171,MarkCi .id,GRATIS ONGKIR SEBLAK INSTAN/SEBLAK BANDUNG/SEBLAK GARUT/MURAH MANTAP,Rp3.999,Kab. Garut,100+ terjual,4.4
172,pelangi khatulistiwa 2,kerupuk seblak polos pedas 1kg jajanan cemilan sneck makanan keripik,Rp39.000,Surabaya,14 terjual,5.0
173,Keva store,Comring Seblak 200gr | Pedas | Makanan Ringan | Cemilan | Snack Renyah - Seblak Pedas,Rp19.000,Depok,100+ terjual,5.0
174,CUANKI CULAMETAN,cuanki tahu panjang atau stik isi 50 pcs toping seblak baso aci,Rp12.999,Kab. Garut,100+ terjual,4.8
175,Lakoca Official Shop,Paket Isi 6 Makaroni Basah Instan | Seblak Basah Instan,Rp93.840,Cimahi,15 terjual,4.8
176,SuperSnacksShop,KRUPUK / KERUPUK MENTAH / KERUPUK SEBLAK MENTAH KEONG WARNA 200 GR,Rp5.750,Kab. Bandung,100+ terjual,4.9
177,Cemilan Kang Asep,1KG Kerupuk Seblak Kering Rafael BUNDLING 500GR ORI + 500GR PEDAS,Rp70.000,Kab. Bandung,4 terjual,5.0
178,Lemari Wanita,Mie Seblak Geprek SamiRaos Original | Seblak Mie Instat Pedas,Rp20.000,Jakarta Timur,12 terjual,5.0
179,kylafood,Kylafood Seblak Kwetiaw,Rp22.325,Bandung,4rb+ terjual,4.9
180,CUANKI CULAMETAN,pangsit segitiga kering atau cipet isi 100 toping seblak baso aci,Rp32.999,Kab. Garut,80+ terjual,4.8
181,Jajanan Hits (JS),Seblak Tulang Rangu Nyai Mercon,Rp21.000,Tangerang Selatan,40+ terjual,5.0
182,TAM SNACK,Kerupuk Seblak Pedas Gurih Kencur 250 Gram - Tam Snack,Rp14.000,Depok,100+ terjual,4.9
183,The Nut House,Kikoya Snack Sapi Panggang / Balado / BBQ / Rumput Laut / Seblak Sunda,Rp1.000,Surabaya,16 terjual,5.0
184,gaiagarut,siomay mini GURILEM EKONOMIS 1KG Toping Baso Aci Cuanki Seblak,Rp25.479,Kab. Garut,90+ terjual,4.9
185,afcbandung,Siomay Mini Kering 500gr Siaomay Kering Mini 500 gr Seblak Baso Aci,Rp19.900,Bandung,100+ terjual,4.8
186,ANUM SARI,Kerupuk Seblak Kencur Pedas Gurih - Anum Sari,Rp14.000,Tangerang Selatan,100+ terjual,4.7
187,SuperSnacksShop,KRUPUK / KERUPUK MENTAH / KERUPUK SEBLAK MENTAH 200gr LAPIS WARNA,Rp5.750,Kab. Bandung,16 terjual,5.0
188,3Key Frozen,Seblak Kylafood Rempah Autentik 115gr,Rp12.900,Tangerang,14 terjual,5.0
189,CuankiCulametan,siomay kering besar murah 50 pcs toping seblak baso aci cuanki,Rp16.555,Kab. Garut,100+ terjual,4.9
190,kylafood,Kylafood Seblak Rempah Autentik isi (20 pcs),Rp294.120,Bandung,11 terjual,5.0
191,Rak Sebelah,Bundle 3pcs - Seblak Basranger Extra Pedas 200gr Makanan Instan,Rp51.900,Jakarta Pusat,50+ terjual,4.8
192,TigoSadulur,paket murah seblak cuanki 12pcs,Rp43.999,Kab. Tangerang,8 terjual,5.0
193,Bandung_snack,Seblak Kerupuk Instan Mawar 500gram Pedas Daun Jeruk,Rp25.000,Kab. Bandung,15 terjual,5.0
194,CUANKI CULAMETAN,cuanki tahu gepeng isi 100 pcs toping seblak bsso aci,Rp39.999,Kab. Garut,100+ terjual,4.8
195,Toko PutraPerdana,KERUPUK Merah Seblak 250gr [Repack],Rp6.250,Kab. Bekasi,25 terjual,4.8
196,ICIP ICIP SNACK BANDUNG,SEBLAK INSTANT PEDAS JERUK,Rp10.000,Bandung,30+ terjual,5.0
197,Culametan Food,cuanki lidah isi 50 topping baso aci dan seblak,Rp11.999,Kab. Garut,6 terjual,5.0
198,Jaya Mandiri Snack,Krupuk Seblak Bantat Cikur 500gr,Rp16.500,Kab. Bandung,6 terjual,5.0
199,Storio Store,Kerupuk Krupuk Seblak Putih Kering Pedas Oleh Oleh Bandung Odjolali,Rp10.500,Tangerang Selatan,30+ terjual,4.5
200,Aliya28,"Siomay Renyah/kriuk (250gr). Camilan enak renyah, baso aci seblak dll",Rp8.999,Tangerang Selatan,3 terjual,5.0
201,AUFARO SNACK,KERUPUK SEBLAK PEDAS KRIUK 100 GRAM,Rp7.500,Kab. Bandung Barat,4 terjual,5.0
202,aghniya,aneka kerupuk mix untuk bahan seblak 500 gr,Rp14.999,Tangerang Selatan,100+ terjual,5.0
203,Retno Snack,KERUPUK SEBLAK KENCUR PEDAS BANTAT GURIH KERING RENYAH ENAK 250 GRAM,Rp11.400,Kab. Sidoarjo,3 terjual,5.0
204,Distributor Cuanki dan Seblak,GRATIS KARDUS CUANKI MIX MURAH - BISA COD - TOPING SEBLAK - BASO ACI,Rp30.000,Kab. Bekasi,50+ terjual,4.9
205,Muysproduct,seblak instan mie bakso om brewok,Rp16.000,Kab. Bogor,5 terjual,5.0
206,Pisang Goreng Madu Bu Nanik,Keripik Singkong Balado Christine Hakim,Rp36.000,Jakarta Barat,2rb+ terjual,4.9
207,Foodstocks,Baso Aci Bapper Tulang Rangu Original Asli Bandung 220gr,Rp25.800,Jakarta Selatan,1rb+ terjual,5.0
208,TOKO BILQIS OFFICIAL STORE,Siomay Kering / Siomay Mini Toping Baso Aci Seblak - 250gram,Rp8.000,Kab. Jombang,30+ terjual,4.5
209,HAFFEMH SHOP,Fck Factory Makanan Cup Instan Seblak Jamur 90 gr,Rp13.500,Jakarta Utara,2 terjual,5.0
210,Lakoca Official Shop,Lakoca Cuanki Instan Xtra Pedas - 3 Menit Siap Santap!,Rp16.618,Cimahi,500+ terjual,4.8
211,Kunyahhfood,Kerupuk Seblak Kering Pedas Aroma Daun Jeruk Murah Enak Terlaris 250 g,Rp15.999,Kab. Bogor,17 terjual,5.0
212,SuperSnacksShop,KRUPUK / KERUPUK MENTAH / KERUPUK SEBLAK MENTAH 1kg BELIMBING PUTIH,Rp21.750,Kab. Bandung,7 terjual,5.0
213,kylafood,Kylafood Basreng pedas kemasan isi 5 pcs,Rp63.940,Bandung,50+ terjual,4.9
214,kurniaisnain003,- SEBLAK BASRENG KOIN PEDAS DAUN JERUK 100gr/250gr/500gr/1kg #,Rp52.000,Bandung,12 terjual,5.0
215,Astar Food,SIOMAY SIOMAI KERING SEBLAK SOMAI MINI 250 GR,Rp7.200,Bandung,250+ terjual,4.8
216,Tiga putri77,kerupuk seblak kering pedas seblak kemplang Bandung,Rp5.000,Kab. Bandung,250+ terjual,4.9
217,ADDARSNACK,kerupuk seblak Rafael 100g,Rp6.000,Kab. Cianjur,15 terjual,4.8
218,febi mulyana,cuanki lidah kerupuk cuanky topping baso aci seblak isi 150 pcs,Rp54.000,Jakarta Selatan,4 terjual,5.0
219,5Fingers,Seblak Basah Mommy/Camilan/Kerupuk/Snack/Cepat Saji/Siap Saji/Instant,Rp13.000,Tangerang Selatan,7 terjual,5.0
220,Botak baso aci,cuanki lidah 500 pcs / 1 ball topping baso aci / seblak / mie instan,Rp180.000,Jakarta Barat,7 terjual,5.0
221,BerkahJayaagensnack,Kerupuk seblak rafael - 1/4 kg,Rp15.000,Pontianak,3 terjual,5.0
222,Jajanan Hits (JS),seblak jadul Samiraos  sambel Hedjo,Rp18.750,Tangerang Selatan,10 terjual,5.0
223,Vandiva Kuliner,SEBLAK INSTAN KOMPLIT,Rp7.500,Kab. Malang,9 terjual,5.0
224,Merbabu Food,MURIA SEBLAK STICK CABE MERAH 60G x 2Pcs (Bisa Same Day Delivery),Rp10.200,Tangerang Selatan,1 terjual,5.0
225,iwan resistans leather,"Seblak kuah instan , Seblak khas garut a",Rp6.000,Kab. Garut,19 terjual,4.5
226,segilapan,Seblak NENE Instan - PEDAS GURIH MANTAP,Rp15.000,Jakarta Barat,40+ terjual,5.0
227,Lemari Wanita,Seblak Jadoel Sambel Hedjo Samiraos | Seblak Instan Pedas Murah,Rp18.500,Jakarta Timur,4 terjual,5.0
228,Juhalim Store,seblak kerupuk bantet pedas-kerupuk bantet wana-seblak pedas-seblak,Rp15.000,Kab. Garut,40+ terjual,5.0
229,Bintang Snack & Camilan,kerupuk seblak pedas 1 kg - 1/2 kg,Rp26.500,Semarang,100+ terjual,5.0
230,Pusat Cuankie & Cemilan Frozen,CUANKIE SIOMAY ISI 100 TOPPING BASO ACI / SEBLAK,Rp35.000,Jakarta Timur,3 terjual,5.0
231,tumpah rejeki,250 gr kerupuk seblak aroma kencur pedas,Rp15.000,Surabaya,24 terjual,4.8
232,Odjolali Snack,Seblak Ring Pedas Odjolali Snack ukuran BESAR,Rp12.000,Bandung,100+ terjual,5.0
233,nayismail,paket seblak instan 12bks paket usaha seblak instan 12pcs paket seblak,Rp38.999,Cimahi,2 terjual,5.0
234,seblak mitoha,seblak krupuk kemplang bawang hot pedas gurih 1kg,Rp14.999,Kab. Bandung,14 terjual,4.3
235,Toko Ikhsan Cempaka,kerupuk seblak kering pedas seblak kemplang Bandung serba 2000,Rp5.500,Bogor,4 terjual,5.0
236,Tiga putri77,seblak kerupuk kering pedas jeruk isi 500 gram seblak kemplang,Rp25.000,Kab. Bandung,100+ terjual,4.9
237,kylafood,"Paket Happy (Seblak Original, Batagor Kuah, Bacil)",Rp64.815,Bandung,500+ terjual,4.9
238,kylafood,Kylafood Mix Batagor Kuah dan Baso Aci Sambal goang,Rp52.440,Bandung,50+ terjual,4.5
239,Muysproduct,seblak instan mie original om brewok,Rp14.000,Kab. Bogor,5 terjual,5.0
240,Indhymarket,SEBLAK INSTAN PEDAS DAN GURIH,Rp4.999,Depok,5 terjual,5.0
241,Warung Snackk,kerupuk seblak pedas/kerupuk jablai 100gram,Rp8.000,Tangerang,15 terjual,5.0
242,kylafood,Kylafood Batagor Kuah Play,Rp27.075,Bandung,1rb+ terjual,4.9
243,food Service Ingredients,Kerupuk Bawang Prima / Kerupuk Warna Warni / Krupuk Seblak 100gr,Rp8.000,Jakarta Timur,30+ terjual,5.0
244,Pusat Cuankie & Cemilan Frozen,SIOMAY ISI 100PCS TOPPING BASO ACI / SEBLAK,Rp35.000,Jakarta Timur,18 terjual,4.8
245,Gerai Snack Official Shop,Maicih Basreng,Rp16.900,Kab. Tangerang,10rb+ terjual,4.8
246,Kickball Official,cuanki lidah / seblak / batagor lidah,Rp5.999,Bandung,250+ terjual,4.7
247,Toko_Ikan_ Asin_SAY,Kerupuk Seblak Gioktin / Kerupuk Mawar Viral 250gr (REPACKED),Rp8.000,Kab. Bogor,4 terjual,5.0
248,MASTER PANGAN,kerupuk bawang oren atau kerupuk seblak,Rp7.000,Jakarta Selatan,4 terjual,5.0
249,Super Food Mania,Cuanki Lidah Toping Seblak Baso Aci isi 25,Rp9.000,Jakarta Timur,5 terjual,5.0
250,athar--1,Krupuk Beton/Seblak Krupuk Bantat Bumbu Cikruh 100Gram,Rp11.000,Jakarta Barat,2 terjual,4.9
251,Superindo Indonesia Raya,Kylafood Seblak Rempah Autentik,Rp22.990,Tangerang Selatan,5 terjual,5.0
252,fahirastores,batagor mini kering / cuanki / siomay / seblak / bakso aci,Rp16.000,Kab. Bandung Barat,100+ terjual,4.9
253,CuankiCulametan,Cuanki Pangsit kering Segitiga Cipet isi 100 toping seblak baso aci,Rp32.500,Kab. Garut,70+ terjual,4.7
254,The Little Snacks,Gurilem Sangarrr,Rp13.000,Tangerang Selatan,2rb+ terjual,4.7
255,CuankiCulametan,Cuanki tahu geprek kering isi 100 toping seblak baso aci,Rp37.999,Kab. Garut,22 terjual,5.0
256,Gaming Store01,Seblak Rempah Autentik Kyla Food Khas 115 G,Rp45.000,Tangerang Selatan,90+ terjual,4.8
257,Bara Snack Kediri 1,[ 250gr ] Kerupuk Seblak Jengkol Pedas / Camilan Snack Kiloan Murah,Rp13.500,Kediri,4 terjual,5.0
258,Gerai Snack Official Shop,Baso Aci Mie Nyemek Teh Shanty Original Lengkap Dengan Gurilem 200g,Rp22.900,Kab. Tangerang,100+ terjual,5.0
259,Cemilan chaul,Seblak instant pedas,Rp10.000,Jakarta Selatan,250+ terjual,5.0
260,Lady Moments,Kerupuk Seblak/Kerupuk Jablay/Kerupuk Jablay Seblak 500 Gram,Rp27.000,Tangerang,100+ terjual,5.0
261,Mandumpang Jaya Olshop,Kerupuk Mawar Ukuran Kecil Warna Putih/Kerupuk Seblak Mentah 500 gr,Rp20.000,Jakarta Pusat,5 terjual,5.0
262,Kriuk_Kriuk21,Krupuk Seblak Kriting Pedas,Rp5.500,Jakarta Selatan,60+ terjual,5.0
263,Dilla frozen,seblak instan ksn,Rp12.000,Jakarta Pusat,4 terjual,5.0
264,Baso Aci Athaya,sebring seblak kering bumbu kacang cikruh 1kg,Rp15.000,Kab. Bandung,16 terjual,4.3
265,IntanMutia3,ðŸŽ— KERUPUK SEBLAK MENTAH BAHAN SEBLAK MURAH perbungkus ðŸ”…,Rp8.000,Bandung,3 terjual,4.5
266,Hosana Snack,seblak coin 250gram,Rp12.000,Bogor,100+ terjual,4.9
267,donatmieku_sby,"Seblak instan ""donatmieku""",Rp15.000,Surabaya,14 terjual,5.0
268,Sajodo Snack & Food,SEBLAK INSTAN SAJODO SNACK,Rp22.500,Tasikmalaya,100+ terjual,4.8
269,Kylafood Jakarta,Kylafood Seblak Rempah Autentik,Rp14.000,Jakarta Selatan,250+ terjual,5.0
270,dnafta snack,seblak kerupuk kering 75 grqm,Rp7.500,Bandung,3 terjual,5.0
271,JAJANAN AJIB,SOACI SEBLAK TULANG RANGU,Rp17.500,Kab. Garut,70+ terjual,5.0
272,Sajodo Snack & Food,"[ Buy 5 Get 5 ] Special Bedug Package (Baso Aci, Seblak, Keju Aroma...",Rp150.000,Tasikmalaya,7 terjual,4.8
273,Ashiaaap.id,Seblakeun Seblak Instant (130 gram) / Seblakna Urang Bandung,Rp9.999,Cimahi,24 terjual,5.0
274,CuankiCulametan,Cuanki tahu atau batagor kering kiloan murah isi 150 seblak baso aci,Rp32.900,Kab. Garut,100+ terjual,4.9
275,Kylafood Jakarta,Seblak Rempah Autentik isi 5 pcs,Rp68.000,Jakarta Selatan,90+ terjual,4.9
276,Eunike Store.id,KERUPUK BAWANG ATAU SEBLAK PEDAS,Rp9.000,Jakarta Timur,3 terjual,5.0
277,laleurlanang,Kerupuk sebring seblak kering kemasan premium mega snack termurah di kelasnya,Rp5.500,Bekasi,100+ terjual,4.7
278,Snack Prima Aurell,KERUPUK SEBLAK KENCUR PEDAS BERAT 250 GRAM,Rp11.500,Jakarta Pusat,16 terjual,3.7
279,Hosana Snack,Krupuk Stik Seblak /pedas 1kg,Rp12.000,Bogor,60+ terjual,4.9
280,RIKI STORE 97,Kerupuk seblak Pedas bumbu berlimpah 100 gram,Rp8.000,Kab. Bogor,5 terjual,5.0
281,Anasis,Seblak kerupuk udang pedas,Rp8.000,Bandung,100+ terjual,5.0
282,Jacqkids,Seblak Bapper,Rp16.000,Bandung,250+ terjual,5.0
283,Lidigeli,Geli Food Seblak Ceker Tanpa Tulang Super Pedas 180gr,Rp25.000,Kab. Garut,100+ terjual,4.9
284,Yuliana Frozen,Kerupuk SEBLAK Bawang Bibir Mini/timbangan 1 kg,Rp21.000,Kab. Sidoarjo,100+ terjual,4.8
285,Seblak Mang Muss,SEBLAK INSTAN MANG MUSS - LEVEL 10,Rp13.999,Tasikmalaya,750+ terjual,4.9
286,tantaz_Snack,Kerupuk Seblak 100 gram-Tantaz Snack,Rp8.000,Tangerang Selatan,23 terjual,4.8
287,basreng sultan bandung viral,seblak as beton seblak kerupuk viral pedas daun jeruk,Rp45.000,Kab. Bandung,2 terjual,5.0
288,CuankiCulametan,cuanki tahu pasung isi 50 murah batagor kering toping seblak baso aci,Rp12.500,Kab. Garut,250+ terjual,4.9
289,Seblak Nyemex,Seblak Nyemex MIE Seblak Instant Bandung,Rp16.999,Bandung,22 terjual,5.0
290,Dorame Food,"(Reseller 6.500) Dorame Makaroni Pipa, Makroni Spiral, Basreng, Seblak",Rp7.500,Malang,1rb+ terjual,4.9
291,Foodstocks,Seblak Hot Spicy By Bapper Food / Seblak Instant Khas Bandung,Rp16.800,Jakarta Selatan,100+ terjual,5.0
292,Sajodo Snack & Food,"PAKET SANTAI (Basreng Ori 500gram, Basreng Pedas 500gram, Seblak 1",Rp180.000,Tasikmalaya,17 terjual,3.9
293,qiannara_store,Kerupuk seblak/seblak kering pedas gurih berat 150 & 350gram,Rp8.999,Kab. Sidoarjo,1 terjual,5.0
294,seblakumiofficial,kerupuk basreng seblak umi 100 gram,Rp11.000,Bandung,20 terjual,5.0
295,Cemilan Murah BDL,Keripik Seblak Bantat Jumbo 1 KiloGram (FREE PACKING KARDUS),Rp46.500,Bandar Lampung,7 terjual,5.0
296,Seblak putra bandung,seblak kerupuk kering original gurih 100 gram,Rp5.000,Kab. Bandung,30+ terjual,5.0
297,SuperSnacksShop,KRUPUK / KERUPUK MENTAH / KERUPUK SEBLAK MENTAH 1kg UDANG LIDAH,Rp21.750,Kab. Bandung,30+ terjual,4.6
298,gaiagarut,BASRENG MENTAH 25pcs Kemasan Vacuum Bahan Keripik Seblak Viral,Rp19.999,Kab. Garut,2 terjual,5.0
299,kylafood, Kylafood Seblak karuhun,Rp12.825,Bandung,4rb+ terjual,4.8
300,CuankiCulametan,siomay mini kering 1kg / gurilem toping seblak baso aci cuanki,Rp25.500,Kab. Garut,100+ terjual,4.9
301,kylafood,Kylafood Mix Pentol Kuah dan Seblak Original,Rp46.000,Bandung,50+ terjual,4.9
302,lahawelah,25 SIOMAY Cuanki Kering bahan Pelengkap Boci seblak dan cuanki,Rp10.000,Kab. Garut,30+ terjual,4.9
303,CUANKI CULAMETAN,Cuanki sohu mini 500 gram toping seblak baso aci atau cemilan,Rp24.000,Kab. Garut,40+ terjual,4.9
304,CUANKI CULAMETAN,siomay mini kering 250 gram toping seblak baso aci,Rp7.999,Kab. Garut,250+ terjual,4.9
305,kakai_store10,KERUPUK UDANG MENTAH ORANGE (tebal) / KERUPUK SEBLAK MURAH,Rp7.000,Kab. Bantul,40+ terjual,5.0
306,totobeta,BERGARANSI Kerupuk Oren / Kerupuk Seblak Mentah 1 Ball,Rp79.000,Surabaya,1 terjual,5.0
307,Pasar Keripik Bandung,Pasar Keripik Kerupuk Seblak Mawar Pedas size Kiloan,Rp65.000,Bandung,8 terjual,5.0
308,hokinaCemilan,kerupuk seblak pedas daun jeruk 100g,Rp6.000,Cimahi,250+ terjual,4.8
309,Meliza mart,Seblak instan mama fuji,Rp34.500,Jakarta Barat,13 terjual,5.0
310,Simshop_,SEBLAK KERING CIKRUH BUMBU KACANG VARIAN BASRENG 250 GRAM,Rp18.899,Cimahi,6 terjual,5.0
311,Nazia Market,Kerupuk seblak kencur pedas kering 250gr,Rp15.500,Semarang,4 terjual,5.0
312,RIKI STORE 97,Kerupuk seblak termurah 1 kilo pedas gurih,Rp45.000,Kab. Bogor,5 terjual,5.0
313,Gerai Snack Official Shop,Soun Seblak Geprek SAMI RAOS Khas Garut,Rp19.700,Kab. Tangerang,80+ terjual,4.8
314,alfazzakaromahshops,kerupuk ikan mentah 1kg / kerupuk bawang mentah lezat /kerupuk seblak,Rp20.000,Kab. Bandung,1 terjual,5.0
315,Lemari Wanita,Seblak Jadoel Sambel Hedjo Samiraos | Seblak Instan Pedas Murah,Rp18.500,Jakarta Timur,4 terjual,5.0
316,kylafood,Kylafood Seblak Rempah Autentik isi (20 pcs),Rp294.120,Bandung,11 terjual,5.0
317,Rak Sebelah,Bundle 3pcs - Seblak Basranger Extra Pedas 200gr Makanan Instan,Rp51.900,Jakarta Pusat,50+ terjual,4.8
318,shyfa snack,SEBLAK RAFAEL SHYFA SNACK,Rp3.000,Kab. Sidoarjo,11 terjual,5.0
319,ArfaOnlineShop,baso Aci/boci/seblak CUANKI TAHU KERING KHAS GARUT 1 BAL,Rp2.020.000,Tangerang,3 terjual,5.0
320,CUANKI CULAMETAN,cuanki tahu gepeng isi 100 pcs toping seblak bsso aci,Rp39.999,Kab. Garut,100+ terjual,4.8
321,Cemilan Malang,Sambal seblak instan/bumbu seblak basah,Rp1.500,Malang,28 terjual,5.0
322,gaiagarut,SIOMAY 75pcs Cuanki Toping Baso Aci Cuanki Seblak,Rp19.739,Kab. Garut,90+ terjual,4.9
323,Culametan Food,cuanki lidah isi 50 topping baso aci dan seblak,Rp11.999,Kab. Garut,6 terjual,5.0
324,kurniaisnain003,- (1 KG) Kerupuk Bumbu Kacang - SEBLAK BUMBU KACANG / SEBLAK CIKRUH #,Rp72.000,Bandung,40+ terjual,4.9
325,ToughIDD,SEBLAK MAMA ALIF,Rp15.000,Jakarta Selatan,2 terjual,5.0
326,Baso Aci Ayang,Kerupuk Seblak Pedas Gurih Kemasan 100 Gram,Rp5.499,Kab. Garut,100+ terjual,4.8
327,Asafa_Store,Makaroni mekar mentah / kerupuk makaroni mekar mentah bahan seblak 250gr,Rp8.200,Tangerang Selatan,27 terjual,4.8
328,Kriuk Kriuk Snack Kiloan New,Seblak Cikur Bunga 250 gram,Rp17.000,Bandung,40+ terjual,4.7
329,Anwarul ulum,Seblak kering 90 gram,Rp4.999,Kab. Tasikmalaya,6 terjual,5.0
330,kylafood,"Paket Happy (Seblak Original, Batagor Kuah, Bacil)",Rp64.815,Bandung,500+ terjual,4.9
331,Muysproduct,seblak instan mie bakso om brewok,Rp16.000,Kab. Bogor,5 terjual,5.0
332,Pisang Goreng Madu Bu Nanik,Keripik Singkong Balado Christine Hakim,Rp36.000,Jakarta Barat,2rb+ terjual,4.9
333,Foodstocks,Baso Aci Bapper Tulang Rangu Original Asli Bandung 220gr,Rp25.800,Jakarta Selatan,1rb+ terjual,5.0
334,VEGGIEKU ATK STORE,Kerupuk Seblak Vegetarian Snack Vegan,Rp14.500,Jakarta Barat,17 terjual,5.0
335,CuankiCulametan,cuanki tahu panjang stik isi 50 toping seblak baso aci,Rp16.000,Kab. Garut,100+ terjual,5.0
336,Lakoca Official Shop,Lakoca Cuanki Instan Xtra Pedas - 3 Menit Siap Santap!,Rp16.618,Cimahi,500+ terjual,4.8
337,lahawelah,150pcs TAHU Cuanki Kering isi bahan Pelengkap Boci seblak dan cuanki,Rp39.480,Kab. Garut,50+ terjual,5.0
338,Endo Shop ID,"150 Pcs CUANKI SIOMAY Kering Topping Pelengkap Baso Aci, Seblak",Rp34.500,Kab. Garut,30+ terjual,5.0
339,Pisang Goreng Madu Bu Nanik,Keripik Kentang Pedas Tridara Snack,Rp16.500,Jakarta Barat,500+ terjual,4.9
340,gaiagarut,Cuanki Lidah JUMBO Isi 25pcs Toping Baso Aci Seblak,Rp11.279,Kab. Garut,100+ terjual,4.9
341,lovelybarbie,"Kerupuk jablay, kerupuk seblak 200 gram",Rp15.000,Tangerang Selatan,2 terjual,5.0
342,WAM_Shop.id,krupuk sari udang krupuk seblak oren 100gram,Rp5.500,Tangerang Selatan,6 terjual,5.0
343,Kletikan Juara,[PALING MURAH] KERUPUK SEBLAK PEDAS GURIH KRUPUK SEBLAK BANTET,Rp4.500,Semarang,4 terjual,5.0
344,YukBeli Toserba,Seblak Instan Carla 100gr jajanan enak khas bandung kualitas super ,Rp13.500,Jakarta Selatan,1 terjual,5.0
345,neriszastore,"MIX 4 BASO ACI, 4 SEBLAK, 4 CUANKI INSTAN ABAH ACENG",Rp85.000,Jakarta Selatan,30+ terjual,5.0
346,SuperSnacksShop,KRUPUK / KERUPUK MENTAH / KERUPUK SEBLAK MENTAH 4.5kg BAWANG MERAH,Rp70.000,Kab. Bandung,4 terjual,5.0
347,Lidigeli,Gelichips Seblak Kering Sebring Camilan Kerupuk Pedas Combo 4pcs 65 gr,Rp50.000,Kab. Garut,10 terjual,5.0
348,Utama.Snack,Kerupuk Seblak Pedas 200gr - mawar,Rp13.500,Surabaya,750+ terjual,4.9
349,Gerai Snack Official Shop,Mie Seblak Geprek Sami Raos Khas Garut Seblak Instant Kekinian 160gr,Rp19.700,Kab. Tangerang,100+ terjual,4.8
350,sinergi snack,SEBLAK KERUPUK SIKAYA,Rp9.900,Depok,100+ terjual,5.0
351,Boboko Snack Oficial,Seblak Cikruh Daun Jeruk Rian Sagit x Bobokosnack Special Editon,Rp20.000,Kab. Bandung Barat,1 terjual,5.0
352,Nion.Nion_Official,"Kerupuk Seblak Pedas 100 Gram, Kerupuk Seblak Daun Jeruk Gurih Renyah - Original Brebes",Rp22.688,Tangerang Selatan,28 terjual,4.3
353,Mega_Snack_095,KRUPUK / KERUPUK MENTAH / KERUPUK SEBLAK JENGKOL HIJAU 200GR,Rp5.750,Cimahi,10 terjual,5.0
354,Justipsaza,Kerupuk Seblak Pedas Kerupuk Seblak daun jeruk Kerupuk Seblak 100gr,Rp7.900,Tangerang Selatan,2 terjual,5.0
355,Bintang Snack & Camilan,Kerupuk seblak Mawar / Seblak Rafael / Seblak viral 500 gr - 250 gr,Rp18.500,Semarang,22 terjual,5.0
356,macaronimangade,SEBLAK MANGADE DAUN JERUK BOX BESAR,Rp10.000,Malang,100+ terjual,4.9
357,Rendang Kak Ris,krupuk seblak pedas 50gr,Rp8.000,Tangerang,6 terjual,5.0
358,joniludiansyah,- Seblak Rafael Asli Original | Seblak Coet Mamang Rafael #,Rp37.000,Bandung,3 terjual,5.0
359,Dapur_Sendiri,Kerupuk Seblak Kencur/Kacang,Rp6.000,Bandung,5 terjual,5.0
360,Oleh2 Maju Mulya Solo,Seblak Kering 500gr Kerupuk Seblak Pedas Kiloan Murah Seblak Bantet,Rp25.000,Kab. Sukoharjo,40+ terjual,5.0
361,Dua Gadih snack,Kerupuk Seblak Bantet / Seblak Kering isi 125 gram,Rp15.000,Semarang,250+ terjual,5.0
362,savanafoods,Kerupuk Mie Mentah Seblak,Rp5.200,Kab. Bandung,2 terjual,5.0
363,kylafood,Kylafood Paket (3 Seblak Original 2 Batagor kuah) ,Rp105.705,Bandung,3rb+ terjual,4.9
364,kylafood,Kylafood Seblak Original Isi 10 pcs,Rp187.050,Bandung,25 terjual,4.7
365,Rav Jaya Display,Seblak Bantat Boboko Snack All Varian Khas Bandung - Pedas Level 7,Rp17.700,Kab. Tangerang,21 terjual,4.5
366,pelangi girls naget,KSN SEBLAK ULEG viral ala mamang rapael,Rp7.450,Jakarta Timur,100+ terjual,5.0
367,This Story Shop,Elod | Sebring Elod | keripik Elod | seblak kering,Rp29.500,Kab. Bandung,100+ terjual,4.9
368,kylafood,Kylafood Paket Batagor dan Toping Pilus,Rp35.235,Bandung,1rb+ terjual,4.9
369,TigoSadulur,paket jualan baso aci mix seblak 11pcs,Rp42.999,Kab. Tangerang,7 terjual,5.0
370,Al Dien Mart,Seblak Mercon Komplit Khas Tasik 150gr,Rp9.500,Tangerang,21 terjual,4.6
371,kylafood,Kylafood Batagor Kuah,Rp27.075,Bandung,10rb+ terjual,4.9
372,Pusat Cuankie & Cemilan Frozen,Cuankie Tahu Gepeng Topping Baso Aci Seblak,Rp22.499,Jakarta Timur,100+ terjual,4.9
373,Anasis,Makroni pedas / seblak makaroni / cikruh,Rp17.250,Bandung,100+ terjual,5.0
374,Distributor Cuanki dan Seblak,Cuanki tahu Gepeng Geprek isi 100 pcs toping seblak baso Aci baso,Rp35.000,Kab. Bekasi,50+ terjual,4.9
375,tokokenzo33,|UP| KERUPUK SEBLAK JENGKOL PEDAS DAUN JERUK 250GRAM,Rp30.000,Jakarta Barat,17 terjual,5.0
376,Nao_Qcrunch,seblak kerupuk kering pedas 100 gram,Rp5.000,Kab. Garut,50+ terjual,5.0
377,abdullahmarla,"(0_0) PAKET KHUSUS RESELLER SEBLAK SAJODO SNACK (""_"")",Rp29.000,Jakarta Timur,12 terjual,5.0
378,lahawelah,150pcs SIOMAY Cuanki Kering Pelengkap Boci seblak dan cuanki,Rp39.480,Kab. Garut,100+ terjual,5.0
379,CuankiCulametan,cuanki tahu geprek isi 50 murah toping seblak baso aci,Rp19.000,Kab. Garut,70+ terjual,4.8
380,SNACK JAKARTA 411,Kerupuk Seblak,Rp8.000,Jakarta Barat,500+ terjual,5.0
381,CuankiCulametan,Cuanki tahu geprek kering isi 100 toping seblak baso aci,Rp37.999,Kab. Garut,22 terjual,5.0
382,cemilancollection,kerupuk seblak mentah taro 250 gram,Rp7.000,Kab. Garut,100+ terjual,5.0
383,ishopper online,Seblak kerupuk viral tasikmalaya,Rp6.300,Tasikmalaya,1 terjual,5.0
384,Gerai Snack Official Shop,Basreng Pinggsnack,Rp16.700,Kab. Tangerang,500+ terjual,4.8
385,Pusat Cuankie & Cemilan Frozen,CUANKIE TAHU STICK / TAHU KERITING ISI 50 TOPPING BASO ACI / SEBLAK,Rp18.000,Jakarta Timur,20 terjual,4.5
386,ngenyooh_snack,seblak kerupuk bawang 100gram,Rp7.000,Kab. Garut,11 terjual,5.0
387,dinayastore,kerupuk seblak Rafael mentah 250gr,Rp9.000,Kab. Bandung,1 terjual,5.0
388,Toko Yazid Cita Rasa,seblak kerupuk bintang pedas 100 gram,Rp6.000,Bandung,4 terjual,4.9
389,CIPTA-RASA.,KRUPUK / KERUPUK MENTAH / KERUPUK SEBLAK MENTAH 1kg KEONG WARNA,Rp6.250,Bandung,20 terjual,5.0
390,gaiagarut,Cuanki Lidah JUMBO Isi 10pcs Toping Baso Aci Seblak,Rp5.459,Kab. Garut,30+ terjual,4.9
391,GERAI PAKDE,SEBLAK KENCUR 1/2KG,Rp25.000,Surabaya,13 terjual,5.0
392,jsr rempah indonesia,SEBLAK KOMPLIT EXTRA PEDAS DENGAN BUMBU SPECIAL,Rp12.500,Jakarta Selatan,29 terjual,4.7
393,S esa fash and acc,Kerupuk Seblak Kering Bantat Cikur Daun Jaruk /Sebring 60 gram,Rp4.500,Bandung,19 terjual,5.0
394,Sajodo Snack & Food,SEBLAK INSTAN SAJODO SNACK,Rp22.500,Tasikmalaya,100+ terjual,4.8
395,Kylafood Jakarta,Kylafood Seblak Rempah Autentik,Rp14.000,Jakarta Selatan,250+ terjual,5.0
396,alien toko,Sukro Cikur BUNGKUS isi 10pcs untuk Toping Baso Aci Cuanki Seblak,Rp7.000,Kab. Garut,100+ terjual,4.7
397,Foodstocks,Geli Chips - Seblak Kering ( Sebring ) Kerupuk Mawar Pedas Daun Jeruk 50 gr,Rp10.200,Jakarta Selatan,5 terjual,5.0
398,Sajodo Snack & Food,"[ Buy 5 Get 5 ] Special Bedug Package (Baso Aci, Seblak, Keju Aroma...",Rp150.000,Tasikmalaya,7 terjual,4.8
399,cemilan Bandungstore,seblak ala mamang Rafael pedas mantull,Rp6.000,Cimahi,23 terjual,5.0
400,Oncom Jaya Bdg,Kerupuk Seblak Warna Warni,Rp17.000,Bandung,80+ terjual,4.8
401,Kylafood Jakarta,Seblak Rempah Autentik isi 5 pcs,Rp68.000,Jakarta Selatan,90+ terjual,4.9
402,King Fresh Mart,Seblak Putri 80 gr,Rp12.500,Jakarta Barat,18 terjual,5.0
403,cegar_id,Sebring 500g seblak kerupuk/seblak kering seblak pedas kerupuk bantat,Rp29.999,Banjarbaru,30+ terjual,4.8
404,YasnackID,1BALL/5KG - PAKET USAHA/RESELLER - KERUPUK SEBLAK PEDAS GURIH- YASNACK  ,Rp250.000,Bandung,30+ terjual,5.0
405,Suka_ngemil21,keripik seblak pedas daun jeruk/kerupuk jablay/kerupuk warna warni,Rp5.500,Jakarta Timur,1 terjual,5.0
406,NeoStoreYogyakarta,snack kerupuk seblak pedas - kerupuk seblak pedas - kerupuk pedas,Rp11.000,Yogyakarta,60+ terjual,5.0
407,NYEMIL WOII,Kerupuk Seblak Bantet 250 gr,Rp13.000,Jakarta Timur,28 terjual,4.9
408,basrengsultann,kerupuk jablay/seblak pedas daun jeruk 100 gram,Rp7.450,Kab. Tangerang,4 terjual,5.0
409,Lidigeli,Geli Food Seblak Ceker Tanpa Tulang Super Pedas 180gr,Rp25.000,Kab. Garut,100+ terjual,4.9
410,The Little Snacks,Seblak Putih Pedas / Kerupuk Bawang Pedas Odjolali Oleh Oleh Bsndung,Rp9.900,Tangerang Selatan,1rb+ terjual,4.9
411,Sajodo Snack & Food,"PAKET BUNDLING 4 ( 1 SEBLAK INSTANT, 1 KEJU AROMA SAJODO)",Rp43.000,Tasikmalaya,7 terjual,5.0
412,Salira Snack,(250g) SNACK MAKANAN RINGAN KERUPUK SEBLAK CK DAUN JERUK,Rp7.987,Bogor,4 terjual,5.0
413,FoodieFiestae,Krupuk Seblak Bentuk Ikan isi 10 bunkus,Rp5.000,Surabaya,6 terjual,5.0
414,CUANKI BAKSO ACI DPS,SEBLAK INSTAN BANDUNG | HALAL,Rp16.000,Denpasar,250+ terjual,4.9
415,CUANKI CULAMETAN,cuanki tahu panjang atau stik isi 50 pcs toping seblak baso aci,Rp12.999,Kab. Garut,100+ terjual,4.8
416,greencan,Cuanki tahu atau batagor kering kiloan murah isi 150 seblak baso aci,Rp51.000,Jakarta Barat,30+ terjual,5.0
417,CuankiCulametan,Cuanki lidah murah kiloan isi 150 toping seblak baso aci,Rp33.999,Kab. Garut,100+ terjual,4.9
418,Suka Cemilan Cemilun,Kerupuk Seblak / Kerupuk Jablay Bantet,Rp18.600,Semarang,17 terjual,5.0
419,binbond store007,SEBLAK INSTAN / TERLARIS NO. 1 GOYANG LIDAH NGABRETT,Rp3.000,Kab. Bandung,23 terjual,5.0
420,lahawelah,Cuanki Lidah JUMBO PREMIUM Isi 100pcs Toping Baso Aci Seblak,Rp39.200,Kab. Garut,100+ terjual,5.0
421,Cemilan-Ce,SEBLAK INSTAN BASO ACI MIE ENAK,Rp5.500,Kab. Sidoarjo,50+ terjual,5.0
422,BOEDJANG STORE MALANG,500 GRAM KERUPUK SEBLAK KERING PEDAS KILOAN TERLARIS FREE PACK KARDUS,Rp23.000,Malang,16 terjual,5.0
423,dapurMerri,kerupuk seblak kering pedas,Rp4.000,Bandar Lampung,3 terjual,4.8
424,seblakblakan,PAKET HEMAT 3 PACK SEBLAK BLAKAN | Seblak & Baso Aci Instan,Rp51.000,Kab. Sukabumi,8 terjual,5.0
425,Keva store,Comring Seblak 200gr | Pedas | Makanan Ringan | Cemilan | Snack Renyah - Seblak Pedas,Rp19.000,Depok,100+ terjual,5.0
426,Foodstocks,Soun Seblak Geprek SAMI RAOS Khas Garut - Soun Seblak,Rp18.900,Jakarta Selatan,60+ terjual,4.9
427,kira3arut,cuanki lidah asli garut isi 150 pcs,Rp32.500,Kab. Garut,10rb+ terjual,4.9
428,RafToshi Mart,seblak cobek,Rp6.200,Tangerang Selatan,30+ terjual,5.0
429,FoodieFiestae,KERUPUK SEBLAK SEBRING RAFAEL PEDAS DAUN JERUK 100gram,Rp6.000,Surabaya,9 terjual,5.0
430,Rak Sebelah,Bundle - Basranger Seblak | Baso Aci Extra Pedas | Tulang Rangu,Rp56.300,Jakarta Pusat,100+ terjual,4.9
431,Rabbani Snack.,SEBLAK BUNGA 250gr,Rp19.000,Bandung,3 terjual,5.0
432,BuyungBumbu,kerupuk seblak mentah orange 250gr,Rp11.500,Jakarta Pusat,60+ terjual,5.0
433,CUANKI CULAMETAN,siomay mini kering 250 gram toping seblak baso aci,Rp7.999,Kab. Garut,250+ terjual,4.9
434,PT MANDIRI BERKAH,Kerupuk bunga mawar putih viral seblak aa rafael 1 bal/ball 5 kg,Rp177.000,Jakarta Pusat,7 terjual,5.0
435,gaiagarut,"LIDAH 75pcs cuanki Toping Baso Aci, Seblak khas Garut",Rp19.739,Kab. Garut,100+ terjual,4.9
436,Cemilan Malang,Seblak Makroni Bumbu Basah,Rp6.000,Malang,8 terjual,5.0
437,temencemalcemil,KRURPUK SEBLAK / KRUPUK BAWANG PEDAS JUMBO 150 GRAM,Rp11.000,Jakarta Barat,16 terjual,4.8
438,Sayur Sembako,Kerupuk Seblak Orange (250gr),Rp12.500,Jakarta Barat,7 terjual,5.0
439,Rabiko,Seblak Kerupuk Pedas Kering 250 Gram Kiloan Langsung Hap Bukan 1kg,Rp12.000,Kab. Kediri,1 terjual,5.0
440,dapurmamatih,Seblak ceker mercon,Rp60.000,Bandung,10 terjual,5.0
441,kylafood,Kylafood Seblak Mie Baso,Rp26.125,Bandung,4rb+ terjual,4.9
442,CUANKI CULAMETAN,cuanki tahu gepeng isi 50 pcs toping seblak baso aci,Rp19.500,Kab. Garut,100+ terjual,4.9
443,kylafood,Seblak Tulang Rawan k.y.l Kylafood (Spesial Panen Telur),Rp24.225,Bandung,50+ terjual,5.0
444,PT Gumilar Sentosa,Kerupuk bunga mawar putih viral seblak aa rafael 1 bal/ball 5 kg,Rp145.000,Jakarta Pusat,100+ terjual,4.3
445,Alba_Jaya,Krupuk Seblak Mini Pedas Gurih dan renyah,Rp11.500,Jakarta Barat,17 terjual,5.0
446,mBrebesmili,ciomy cuanki cheese,Rp25.000,Depok,250+ terjual,4.8
447,lahawelah,75pcs Tahu KERITING PREMIUM isi untuk Toping Baso Aci Seblak Indomie,Rp26.000,Kab. Garut,17 terjual,5.0
448,Cemilan Malang,Seblak Cocol Viral,Rp4.000,Malang,27 terjual,5.0
449,Culametan Food,cuanki lidah isi 50 topping baso aci dan seblak,Rp11.999,Kab. Garut,6 terjual,5.0
450,yulsinshop,kerupuk seblak pedas,Rp15.000,Jakarta Timur,9 terjual,4.8
451,Nayla Mart Tasik,Kerupuk Merah Seblak 250gr / Kerupuk Oren Mentah Serbaguna,Rp4.250,Tasikmalaya,100+ terjual,5.0
452,Uai Food,SIOMAY KERING MINI 1Kg BASO ACI SEBLAK BANDUNG ISIAN BASO ACI,Rp30.000,Surabaya,80+ terjual,4.9
453,KulinerIndo,Seblak Asgar Cilok Jeletot,Rp25.000,Yogyakarta,11 terjual,5.0
454,greencan,Kerupuk Seblak Mentah 200gr - Krupuk Oren Matahari Pagi MP - Kemplang,Rp6.000,Jakarta Barat,9 terjual,5.0
455,Cemilan Murah BDL,Keripik Seblak Bantet 100gr - 200gr,Rp6.400,Bandar Lampung,8 terjual,4.8
456,cecemart metlandpuri,Kangen Seblak Instant 88 Modah Dan Praktis ,Rp13.500,Tangerang,19 terjual,5.0
457,Muysproduct,seblak instan mie bakso om brewok,Rp16.000,Kab. Bogor,5 terjual,5.0
458,Pisang Goreng Madu Bu Nanik,Keripik Singkong Balado Christine Hakim,Rp36.000,Jakarta Barat,2rb+ terjual,4.9
459,Foodstocks,Baso Aci Bapper Tulang Rangu Original Asli Bandung 220gr,Rp25.800,Jakarta Selatan,1rb+ terjual,5.0
460,Oncom Jaya Bdg,Kerupuk Seblak,Rp16.500,Bandung,100+ terjual,4.9
461,Alba_Jaya,Seblak Pedas Stik Kriuk Renyah dan Gurih,Rp2.500,Jakarta Barat,9 terjual,5.0
462,Lakoca Official Shop,Lakoca Cuanki Instan Xtra Pedas - 3 Menit Siap Santap!,Rp16.618,Cimahi,500+ terjual,4.8
463,deniashop2,Kerupuk Seblak Kering,Rp8.000,Depok,3 terjual,5.0
464,Caviarwear,KERUPUK JABLAY KERIPIK JABLAY PEDAS KERUPUK SEBLAK KENCUR CEMILAN,Rp16.500,Kab. Tangerang,4 terjual,4.0
465,kylafood,Kylafood Basreng Pedas 1000g,Rp127.880,Bandung,100+ terjual,5.0
466,Gaming Store01,Samiraos - Soun Seblak Geprek,Rp52.000,Tangerang Selatan,60+ terjual,4.9
467,Zaki Idris Trendy,Update seblak instant sajodo snak,Rp39.020,Jakarta Pusat,2 terjual,5.0
468,Arc_Rudy,cemilan seblak ceker snack,Rp9.500,Kab. Lebak,2 terjual,5.0
469,Arrahman_Shop,Kerupuk Seblak Rafael 250 gram - krupuk seblak mentah isi lebih banyak,Rp11.900,Tangerang Selatan,1 terjual,5.0
470,seblak Dea klayatan,seblak seafood instan murah,Rp12.000,Malang,3 terjual,5.0
471,HPSFoodSby,Paket Hemat 10 BKS Seblak Instan Original HPSFOOD,Rp30.000,Surabaya,4 terjual,5.0
472,lahawelah,1KG Cuanki Bulat SOHU MINI untuk toping Boci Baso Aci Seblak,Rp53.900,Kab. Garut,5 terjual,5.0
473,BerkahJayaagensnack,Kerupuk seblak rafael - 1/4 kg,Rp15.000,Pontianak,3 terjual,5.0
474,Utama.Snack,Kerupuk Seblak Pedas 200gr - mawar,Rp13.500,Surabaya,750+ terjual,4.9
475,Gerai Snack Official Shop,Mie Seblak Geprek Sami Raos Khas Garut Seblak Instant Kekinian 160gr,Rp19.700,Kab. Tangerang,100+ terjual,4.8
476,Galery Sani28,"Cuanki Gurilem/Pangsit topping seblak,mie bakso Dll",Rp10.000,Kab. Garut,7 terjual,5.0
477,keanashop05,bumbu seblak instan 150gr/original/halal,Rp6.899,Tangerang,1 terjual,5.0
478,Nion.Nion_Official,"Kerupuk Seblak Pedas 100 Gram, Kerupuk Seblak Daun Jeruk Gurih Renyah - Original Brebes",Rp22.688,Tangerang Selatan,28 terjual,4.3
479,LAPAK MILEA,Seblak Instant Homemade Bumbu Kencur Termurah Jajanan Khas Sunda,Rp7.000,Surabaya,4 terjual,4.0
480,Ri_store.id,KRUPUK SEBLAK PEDAS DAUN JERUK,Rp8.000,Makassar,27 terjual,4.2
481,Bintang Snack & Camilan,Kerupuk seblak Mawar / Seblak Rafael / Seblak viral 500 gr - 250 gr,Rp18.500,Semarang,22 terjual,5.0
482,gaiagarut,"Cuanki Lidah 10pcs Toping Baso Aci, Seblak khas Garut",Rp4.399,Kab. Garut,40+ terjual,4.8
483,lahawelah,150pcs Tahu KERITING PREMIUM isi untuk Toping Baso Aci Seblak Indomie,Rp44.650,Kab. Garut,40+ terjual,5.0
484,hi-shop,Kerupuk Mentah Krupuk Kering Kerupuk Seblak Krupuk Kuning Premium,Rp12.250,Jakarta Timur,5 terjual,5.0
485,MaFa Jaya,Cuanki Lidah Bulat Asli Garut buat bahan baku Seblak dan baso Aci,Rp180.000,Kab. Bandung,40+ terjual,5.0
486,RIKI STORE 97,Kerupuk seblak 1kg pedas gurih Seblak,Rp35.000,Kab. Bogor,1 terjual,5.0
487,amarsha_shop,"Kerupuk seblak/jablay pedas snack kiloan cemilan original, exp panjang",Rp12.500,Jakarta Utara,100+ terjual,4.7
488,lahawelah,cuanki CIPET BESAR isi 10pcs toping Baso aci cuanki seblak by LAHA (bi,Rp6.370,Kab. Garut,6 terjual,5.0
489,kylafood,Kylafood Paket (3 Seblak Original 2 Batagor kuah) ,Rp105.705,Bandung,3rb+ terjual,4.9
490,kylafood,Paket Batagor-Mie Kocok k.y.l Kylafood,Rp51.060,Bandung,1rb+ terjual,4.9
491,Kaya Halal Market,"Seblak Instan, Praktis, Komplit Khas Sunda by Kang Idin",Rp22.100,Jakarta Selatan,30+ terjual,4.8
492,keripik_dapurbiru,"Paket Mix cuankimie, baso aci, seblak 10pcs",Rp80.000,Pekanbaru,4 terjual,5.0
493,preloved custom,seblak dan cuanki putri sunda,Rp9.778,Jakarta Utara,6 terjual,5.0
494,kylafood,Kylafood Mix Pentol Kuah dan Batagor Kuah,Rp52.440,Bandung,100+ terjual,4.8
495,lahawelah,250gr Cuanki Bulat SOHU MINI untuk toping Boci Baso Aci Seblak,Rp14.550,Kab. Garut,30+ terjual,4.9
496,Helook Hydro Shop,KERUPUK SEBLAK KERITING / MAWAR / SEBLAK KEMBANG / KERUPUK BANTAT MIE,Rp23.500,Bandung,1 terjual,
497,kylafood,Kylafood Batagor Kuah Play,Rp27.075,Bandung,1rb+ terjual,4.9
498,Pusat Grosir Cuanki,"Cuanki Siomay Kering Super 1 pcs - Toping Baso Aci, Cuanki, Seblak",Rp390,Kab. Bandung,500+ terjual,4.7
499,arap bengkel,KERUPUK SEBLAK KERITING / MAWAR / SEBLAK KEMBANG / KERUPUK BANTAT MIE,Rp57.500,Jakarta Barat,70+ terjual,4.8
500,Taufik Bumbu Giling,kerupuk oren bubur/ seblak/ gado- gado/ ketoprak 1bal,Rp100.000,Jakarta Selatan,1 terjual,5.0
501,NYEMILCEMIL,KRUPUK SEBLAK JENGKOL,Rp8.000,Kab. Tulungagung,3 terjual,4.7
502,Seblak.Dede 02,seblak kerupuk bawang pedas daun jeruk 100 gram gurih renyah,Rp5.000,Kab. Bandung,50+ terjual,4.9
503,wafalaila,KERUPUK SEBLAK MENTAH CAP DUA BANGO 200GR,Rp7.500,Kab. Tegal,7 terjual,5.0
504,delstoreid,Happy snack kerupuk seblak putih 150 gr,Rp18.900,Jakarta Barat,5 terjual,5.0
505,CuankiCulametan,cuanki tahu geprek isi 50 murah toping seblak baso aci,Rp19.000,Kab. Garut,70+ terjual,4.8
506,Kerupuk Rempah,Kerupuk Seblak Rempah Cikur,Rp15.000,Bandung,22 terjual,5.0
507,Makaroni Ceu Wewei,Makaroni Ceu Wewei 1kg,Rp65.000,Kab. Tangerang,70+ terjual,5.0
508,greencan,krupuk bawang seblak warna mentah 250gr,Rp8.000,Jakarta Barat,,
509,greencan,kerupuk seblak cocol mentah viral mawar 100gram,Rp8.000,Jakarta Barat,2 terjual,5.0
510,MochieShop14,Kerupuk Ikan/Bawang/Seblak - Sari Laut - varian Bawang Besar 2 kg,Rp35.000,Bekasi,2 terjual,5.0
511,greencan,kerupuk seblak kencur pedas gurih,Rp9.000,Jakarta Barat,60+ terjual,4.8
512,ranggatan,"Siomay Mini Kering Bahan Pelengkap Boci, Seblak Dan Cuanki / Siomay",Rp54.000,Jakarta Selatan,40+ terjual,4.8
513,Tranquiil Treasures,KRUPUK SEBLAK BANTET PEDAS 100gr BELI 10 FREE1,Rp8.000,Bogor,80+ terjual,5.0
514,TOKO MURAH 95,PROMO !!1 KG KERUPUK SEBLAK EXTRA PEDAS/CEMILAN PEDAS GURIH MURAH,Rp20.000,Kab. Demak,1 terjual,
515,greencan,KRUPUK / KERUPUK MENTAH / KERUPUK SEBLAK MENTAH 200gr MAWAR WARNA,Rp8.000,Jakarta Barat,,
516,jagocemilan,kerupuk seblak Cekelin,Rp5.800,Jakarta Utara,250+ terjual,5.0
517,laatazal-surabaya,siomay mini kering toping baso aci seblak murah surabaya,Rp52.000,Surabaya,50+ terjual,5.0
518,awaludin storee,KERUPUK SEBLAK (BAWANG)KRUPUK BANTET GURIH khas jawa barat termurah,Rp4.000,Bogor,,
519,Sajodo Snack & Food,SEBLAK INSTAN SAJODO SNACK,Rp22.500,Tasikmalaya,100+ terjual,4.8
520,Kylafood Jakarta,Kylafood Seblak Rempah Autentik,Rp14.000,Jakarta Selatan,250+ terjual,5.0
521,greencan,Kerupuk HIJAU Bawang 250gr SEBLAK,Rp9.000,Jakarta Barat,1 terjual,
522,Ourbelovedsummeeer,SEBLAK KERING SEBRING DAUN JERUK SEBLAK KERUPUK SNACK KERUPUK KERUPUK,Rp7.000,Jakarta Timur,30+ terjual,4.8
523,Sajodo Snack & Food,"[ Buy 5 Get 5 ] Special Bedug Package (Baso Aci, Seblak, Keju Aroma...",Rp150.000,Tasikmalaya,7 terjual,4.8
524,karmila kitchen,Makaroni bantet pedas -+50gr krupuk seblak krupuk udang kerupuk bantet,Rp7.000,Tangerang Selatan,,
525,karmila kitchen,KERUPUK SEBLAK (UYEL/MAWAR MINI) BANTET TERMURAH,Rp5.000,Tangerang Selatan,,
526,Sultan Meat Shop,Seblak Sultan instant,Rp14.000,Medan,250+ terjual,4.8
527,greencan,kerupuk seblak Pedas 75 gram gurih,Rp8.000,Jakarta Barat,4 terjual,5.0
528,ivan storeen,BP Krupuk Bawang Warna Warni Krupuk seblak Krupuk mentah 75gram,Rp7.000,Jakarta Barat,,
529,glosir_hdd,KERUPUK SEBLAK RAFAEL 100GR (BACA DESKRIPSI BOX),Rp7.000,Jakarta Barat,,
530,ivan storeen,Makaroni bantet pedas -+50gr krupuk seblak krupuk udang kerupuk bantet,Rp7.000,Jakarta Barat,,
531,RitaMargaretha48,HAY Kerupuk mawar putih / kerupuk seblak 250gr,Rp9.000,Jakarta Barat,,
532,ASKUM18,BP Krupuk Bawang Warna Warni Krupuk seblak Krupuk mentah 75gram,Rp7.000,Jakarta Pusat,,
533,Ris0,Promo Kerupuk/ Keripik Seblak Jablay Bantet Pedas Daun Jeruk,Rp5.000,Surabaya,,
534,CUANKI CULAMETAN,siomay mini kering 1kg toping seblak baso aci,Rp25.999,Kab. Garut,100+ terjual,4.9
535,The Little Snacks,Seblak Putih Pedas / Kerupuk Bawang Pedas Odjolali Oleh Oleh Bsndung,Rp9.900,Tangerang Selatan,1rb+ terjual,4.9
536,Sajodo Snack & Food,"PAKET BUNDLING 4 ( 1 SEBLAK INSTANT, 1 KEJU AROMA SAJODO)",Rp43.000,Tasikmalaya,7 terjual,5.0
537,LOLIPOP2,seblak kerupuk jengkol daun jeruk isi 500gr,Rp63.000,Yogyakarta,,
538,febi mulyana,kerupuk / kerupuk mentah / kerupuk seblak mentah / krupuk bwg 200gr,Rp8.000,Jakarta Selatan,,
539,CUANKI BAKSO ACI DPS,SEBLAK INSTAN BANDUNG | HALAL,Rp16.000,Denpasar,100+ terjual,4.9
540,yuli_store01,populer KERUPUK SEBLAK - MAKKA,Rp7.000,Kab. Bekasi,24 terjual,4.9
541,Homisnack Official,Kerupuk Seblak Putih/ Kerupuk Seblak Putih Pedas Daun Jeruk,Rp17.000,Jakarta Selatan,5 terjual,5.0
542,CuankiCulametan,Cuanki lidah murah kiloan isi 150 toping seblak baso aci,Rp33.999,Kab. Garut,100+ terjual,4.9
543,#DERAS,KERUPUK SEBLAK - KERUPUK BANTET-SEBLAK KERING,Rp7.000,Jakarta Pusat,,
544,greencan,Cemilan pedas kerupuk seblak kering daun jeruk 100 gram,Rp8.000,Jakarta Barat,2 terjual,
545,milikstore,Sebring-Seblak Kerupuk Bantet Pedas Gurih Cabai Asli 500Gr,Rp25.000,Bandung,40+ terjual,4.6
546,greencan,kerupuk seblak kencur pedas 100 gram,Rp8.000,Jakarta Barat,,
547,Agusponsel22,[SEBRING] Seblak Garing kerupuk keripik seblak pedas daun jeruk,Rp7.000,Jakarta Pusat,1 terjual,
548,RIKI STORE 97,Kerupuk jeblay kiloan 1 kg pedas Kerupuk seblak,Rp40.000,Kab. Bogor,4 terjual,5.0
549,WISNUARDIYANSAH,K4T Kerupuk Merah Seblak Murah 250gr BANDUNG,Rp7.000,Jakarta Barat,27 terjual,5.0
550,kylafood, Kylafood Seblak karuhun,Rp12.825,Bandung,4rb+ terjual,4.8
551,Foodstocks,Soun Seblak Geprek SAMI RAOS Khas Garut - Soun Seblak,Rp18.900,Jakarta Selatan,60+ terjual,4.9
552,Gerai Snack Official Shop,Seblak Instant Basranger Extra Pedas Daun Jeruk (200gr),Rp19.700,Kab. Tangerang,100+ terjual,4.9
553,febi mulyana,seblak kerupuk bawang pedas aroma daun jeruk 100 gram,Rp8.000,Jakarta Selatan,2 terjual,
554,yui officeee,Cuanki Lidah Besar 1 Ball 500 Pcs Bahan Baku Utama Baso Aci Seblak Dll,Rp312.950,Jakarta Barat,,
555,Rak Sebelah,Bundle - Basranger Seblak | Baso Aci Extra Pedas | Tulang Rangu,Rp56.300,Jakarta Pusat,100+ terjual,4.9
556,greencan,seblak kering seblak bantet pedas daun jeruk/ kerupuk putih isi 100gr,Rp8.000,Jakarta Barat,,
557,Yahya kalisa store,Makaroni bantet pedas -+50gr krupuk seblak krupuk udang kerupuk bantet,Rp7.000,Surabaya,,
558,Jajanan Hits (JS),Seblak Tulang Rangu Nyai Mercon,Rp21.000,Tangerang Selatan,40+ terjual,5.0
559,Tranquiil Treasures,KERUPUK SEBLAK (BAWANG) BANTET TERMURAH ASLI RENYAH GURIH,Rp4.000,Bogor,1 terjual,5.0
560,Haddad10,Good (PREMIUM) DORAME SEBLAK KERING 150GR KEMASAN BOX Kerupuk /,Rp9.000,Jakarta Barat,50+ terjual,5.0
561,aneluvyshop,seblak instan mama fuji cemilan instan seblak minang sunda ,Rp32.500,Jakarta Timur,2 terjual,5.0
562,arya_kencana,kerupuk bantet seblak bintang ektra daun jeruk kemasan 100gr,Rp5.200,Jakarta Barat,5 terjual,5.0
563,Qianamarket,Krupuk seblak kencur pedas asin 500gr,Rp29.000,Semarang,21 terjual,4.8
564,Harno-Mart,Kerupuk Seblak Pedas,Rp7.000,Kab. Sukoharjo,25 terjual,5.0
565,greencan,krupuk seblak bantet pedas kemasan pouch 75 gram,Rp5.000,Jakarta Barat,2 terjual,4.4
566,kylafood,Kylafood Seblak Kwetiaw,Rp22.325,Bandung,4rb+ terjual,4.9
567,CUANKI CULAMETAN,cuanki tahu gepeng isi 50 pcs toping seblak baso aci,Rp19.500,Kab. Garut,100+ terjual,4.9
568,kylafood,Seblak Tulang Rawan k.y.l Kylafood (Spesial Panen Telur),Rp24.225,Bandung,50+ terjual,5.0
569,Toko Adwin shop,Kerupuk Kering 100g Bahan Seblak Variasi Lengkap by GR (Bisa,Rp6.000,Jakarta Pusat,100+ terjual,4.9
570,abdulmarrt,Sekilo Basreng Stik Seblak Pedo Balado Pedas,Rp78.000,Bandung,5 terjual,5.0
571,mBrebesmili,ciomy cuanki cheese,Rp25.000,Depok,250+ terjual,4.8
572,Nur azizah Kedas beauty,Kerupuk seblak bantet daun jeruk,Rp6.000,Kab. Tangerang,1 terjual,
573,ngenyooh_snack,SEBLAK KERUPUK POTATO,Rp7.000,Kab. Garut,12 terjual,5.0
574,Culametan Food,cuanki lidah isi 50 topping baso aci dan seblak,Rp11.999,Kab. Garut,6 terjual,5.0
575,shifanadifashop,kerupuk seblak,Rp6.900,Kab. Sidoarjo,13 terjual,5.0
576,defa_store62,kerupuk seblak kering daun jeruk,Rp5.000,Kab. Tangerang,2 terjual,5.0
577,finderu,KERUPUK SEBLAK KENCUR PEDAS 500gr (CABE SETAN),Rp63.600,Bandung,100+ terjual,5.0
578,Kerupuk seblak Almira,Kerupuk seblak,Rp5.000,Tangerang Selatan,7 terjual,5.0
579,Ltpa,Kerupuk Kuning 250G Bahan Seblak By Gg (Bisa Cod/Grosir/Kargo),Rp9.000,Jakarta Barat,7 terjual,4.8
580,delstoreid,Happy snack kerupuk seblak koin pelangi 150 gr,Rp18.900,Jakarta Barat,2 terjual,
581,Tasya chocolate,kerupuk seblak kering kecil / kerupuk seblak pedas,Rp5.000,Tangerang Selatan,14 terjual,5.0
582,Muysproduct,seblak instan mie bakso om brewok,Rp16.000,Kab. Bogor,5 terjual,5.0
583,Foodstocks,Baso Aci Mak Igun / Bakso Aci Mak Igun - Original,Rp44.000,Jakarta Selatan,250+ terjual,4.9
584,oke snack,Emping Balado 130g,Rp13.500,Jakarta Selatan,100+ terjual,4.9
585,Rumah Aci 180,Seblak Cilok Special Instan Rumah Aci,Rp27.000,Cimahi,2 terjual,5.0
586,#DERAS,KERUPUK SEBLAK (BAWANG) BANTET TERMURAH ASLI RENYAH GURIH,Rp4.000,Jakarta Pusat,40+ terjual,4.9
587,Lakoca Official Shop,Lakoca Cuanki Instan Xtra Pedas - 3 Menit Siap Santap!,Rp16.618,Cimahi,500+ terjual,4.8
588,Camcilan,Kerupuk Seblak Kering Daun Jeruk,Rp6.000,Kab. Bandung,8 terjual,5.0
589,k3 oldshop,kerupuk bawang mentah / kerupuk seblak / kerupuk putih 250 gram ,Rp8.000,Bandung,3rb+ terjual,4.9
590,Pisang Goreng Madu Bu Nanik,Keripik Kentang Pedas Tridara Snack,Rp16.500,Jakarta Barat,500+ terjual,4.9
591,Menik_Mart,KERUPUK KRUPUK SEBLAK,Rp10.000,Surabaya,9 terjual,5.0
592,Temal-temil,kerupuk pedas seblak,Rp7.500,Kab. Sleman,100+ terjual,4.9
593,KALASUKA,Cancimen Seblak Ramen Mas Miun Instan Cemilan Cup Kekinian Khas Garut,Rp20.900,Tangerang Selatan,100+ terjual,4.8
594,AtaaJaberr9,ðŸ‘ Termurah Kerupuk Mentah-Kerupuk Seblak-Kerupuk Puli,Rp8.000,Surabaya,70+ terjual,4.8
595,AKSESORIS HAKSAA,KERUPUK SEBLAK KERING 75GRAM | KERUPUK SEBLAK BANTET VIRAL RAFAEL,Rp8.000,Jakarta Timur,50+ terjual,4.9
596,Temal-temil,Kerupuk Seblak Rasa Balado Renyah Bumbu Melimpah,Rp7.800,Kab. Sleman,100+ terjual,4.9
597,febi mulyana,krupuk mentah / seblak / bawang / buryam / lotek / ketoprak 250gr,Rp7.454,Jakarta Selatan,30+ terjual,5.0
598,Lidigeli,Geli Food Seblak Ceker Tanpa Tulang Super Pedas 180gr,Rp25.000,Kab. Garut,100+ terjual,4.9
599,kualikika,Seblak Basah Instant Pedas / Extra Pedas - Extra Pedas,Rp20.000,Kab. Tangerang,40+ terjual,5.0
600,segilapan,Seblak NENE Instan - PEDAS GURIH MANTAP,Rp15.000,Jakarta Barat,22 terjual,5.0
601,greencan,"Kerupuk Gelung Mentah 200gr Bahan Seblak, Krupuk, Cemilan, Dll.",Rp8.000,Jakarta Barat,2 terjual,5.0
602,cemilan_collection,kerupuk seblak taro mentah 250 gram,Rp8.000,Kab. Garut,3 terjual,4.9
603,TOKOJIHAN17,krupuk seblak - original,Rp13.500,Kab. Tasikmalaya,500+ terjual,4.9
604,widjati,KERUPUK SEBLAK (UDANG) KRUPUK bantet 60gr TERLARIS,Rp4.000,Kediri,60+ terjual,4.9
605,Temal-temil,kerupuk seblak pedas unyil,Rp7.500,Kab. Sleman,4 terjual,5.0
606,vegan-vegetarian,Premium Vegan Seblak Sauce / bumbu Seblak Praktis Sehat 250 gr,Rp75.000,Jakarta Selatan,29 terjual,5.0
607,MILAN FOOD,Keripik Cireng Seblak Pedas 200gr Makanan Ringan,Rp10.800,Kab. Bandung,30+ terjual,5.0
608,gaiagarut,Tahu KERITING STANDAR 25pcs untuk Toping Baso Aci Seblak Indomie,Rp9.099,Kab. Garut,100+ terjual,5.0
609,Mega Snack 095,SEBRINGG seblak kering daun jeruk 1000gr AMEGA SNACK,Rp45.000,Cimahi,19 terjual,4.7
610,Egafood Official Shop,Batagor / Siomay / Tahu Kering / Tiktuk Kuah Seblak Pedas Gurih Jeruk,Rp40.000,Bandung,100+ terjual,4.8
611,mamamia36,kerupuk seblak mentah kerupuk palembang kemasan 250 gram,Rp5.000,Bandung,4 terjual,5.0
612,SM Official Shop,Kerupuk Seblak,Rp7.000,Kab. Bogor,4 terjual,5.0
613,gaiagarut,Tahu Keriting STANDAR isi 50 untuk Toping Baso Aci Seblak Indomie,Rp17.999,Kab. Garut,90+ terjual,4.9
614,Snack Zone Official,keripik seblak pedas putih,Rp18.000,Jakarta Selatan,80+ terjual,5.0
615,kylafood, Kylafood Paket 4 Seblak Original 1 Batagor,Rp99.615,Bandung,1rb+ terjual,4.9
616,Pasar Keripik Bandung,Pasar Keripik Cimol Seblak Pedas size Kecil 130g,Rp12.500,Bandung,500+ terjual,4.9
617,Toko Yazid Cita Rasa,seblak rafael 500 grm ,Rp37.000,Bandung,4 terjual,5.0
618,Pasar Online Kebayoran,Seblak Instan Carla | 100 Gram,Rp17.000,Jakarta Selatan,1 terjual,5.0
619,kylafood,Kylafood Baso Aci Bumbu Rujak Play,Rp17.575,Bandung,250+ terjual,4.8
620,viosy shop,Seblak ekonomis,Rp7.900,Jakarta Utara,8 terjual,5.0
621,shine_ss,kerupuk seblak rafael,Rp8.000,Kab. Jember,2 terjual,5.0
622,Muysproduct,seblak instan mie original om brewok,Rp14.000,Kab. Bogor,5 terjual,5.0
623,Snack Kerupuk Official,Snack Kerupuk Model Seblak Cap Ikan Keripik Pedas Balado,Rp9.000,Medan,2 terjual,4.9
624,Lakoca Official Shop,Paket Isi 6 Cuanki Instan Lakoca | Latagor | Seblak | Makaroni,Rp93.840,Cimahi,40+ terjual,4.8
625,gaiagarut,Kerupuk Keong Besar isi 1KG Bahan Seblak by GG (Bisa COD/Kargo),Rp23.999,Kab. Garut,11 terjual,5.0
626,ngemil_yu,Ngemil kerupuk seblak kering endull,Rp5.000,Kab. Bogor,7 terjual,5.0
627,morototokoonline,250g seblak kencur,Rp9.000,Kab. Sukoharjo,25 terjual,4.9
628,IntanMutia3,ðŸŽ— Sebring (Seblak Kering) Jawara Kokinya Pedas *200 gr ðŸ”…,Rp19.000,Bandung,1 terjual,5.0
629,Nyemil Saji Jepara,Nyemil Saji - Seblak Instan Siap Saji,Rp16.365,Kab. Sleman,23 terjual,4.8
630,kylafood,Kylafood Batagor Kuah,Rp27.075,Bandung,10rb+ terjual,4.9
631,CUANKI CULAMETAN,Baso Aci Instan Culametan khas Garut ( isi 6 ),Rp4.500,Kab. Garut,3rb+ terjual,4.8
632,CuankiCulametan,Cuanki Pangsit kering Segitiga Cipet isi 100 toping seblak baso aci,Rp32.500,Kab. Garut,70+ terjual,4.7
633,gaiagarut,SUKRO CIKUR RENYAH NGEPROS isi 50g Pelengkap Baso Aci Cuanki Seblak,Rp2.499,Kab. Garut,5 terjual,5.0
634,gaiagarut,Kerupuk Mawar isi 1KG Bahan Seblak by GG (Bisa COD/Grosir/Kargo),Rp23.999,Kab. Garut,13 terjual,5.0
635,Bite and Munch,Gurilem Pedas,Rp19.500,Bandung,100+ terjual,4.8
636,sparklelle,Cemilan basreng seblak kering makaroni jagung stik keju balado cheetos,Rp12.000,Bekasi,1 terjual,5.0
637,indrakasina,Crunchy KERUPUK SEBLAK PEDAS KENCUR / SEMBRING SEBLAK KERITING BANTET,Rp61.000,Tangerang Selatan,14 terjual,5.0
638,Snackzone Kelapa Gading,keripik seblak pedas jeruk,Rp18.000,Jakarta Utara,8 terjual,5.0
639,seblakumiofficial,batagor pedas seblak umi 150 gram,Rp16.500,Bandung,4 terjual,4.8
640,Many Online Shop,Kinasih Snack Kerupuk Krupuk Seblak Kering Gurih Garing Renyah 50gr,Rp5.500,Kab. Sleman,3 terjual,5.0
641,Al Dien Store 313,Seblak Mercon Khas Tasik 150gr Pedas Jelotot,Rp10.500,Tangerang,50+ terjual,4.8
642,MAKAN KITA,"Terbaru Pilus Cikur Super 1 Kg Untuk Toping Boci, Mie Instan, Seblak",Rp70.000,Jakarta Selatan,4 terjual,5.0
643,RIKI STORE 97,Kerupuk seblak pedas extra 500 gram,Rp30.000,Kab. Bogor,1 terjual,4.0
644,Mega_Snack_095,seblak bantat krupuk jengkol.pedas daun jeruk 1kg,Rp35.000,Cimahi,3 terjual,5.0
645,Sajodo Snack & Food,SEBLAK INSTAN SAJODO SNACK,Rp22.500,Tasikmalaya,100+ terjual,4.8
646,Kylafood Jakarta,Kylafood Seblak Rempah Autentik,Rp14.000,Jakarta Selatan,250+ terjual,5.0
647,SuperSnacksShop,KRUPUK / KERUPUK MENTAH / KERUPUK SEBLAK RAMBAK DADU 5KG,Rp108.000,Kab. Bandung,4 terjual,4.0
648,Bandung_snack,Kerupuk Mawar seblak 100gram Pedas Daun Jeruk Cemilan Bandung Snack,Rp5.500,Kab. Bandung,27 terjual,4.7
649,Sajodo Snack & Food,"[ Buy 5 Get 5 ] Special Bedug Package (Baso Aci, Seblak, Keju Aroma...",Rp150.000,Tasikmalaya,7 terjual,4.8
650,Tiga putri77,kerupuk kemplang mentah seblak bawang kerupuk khas Bandung kerupuk,Rp8.500,Kab. Bandung,5 terjual,5.0
651,SuperSnacksShop,KRUPUK / KERUPUK MENTAH / KERUPUK SEBLAK KEONG WARNA 5KG,Rp108.000,Kab. Bandung,6 terjual,5.0
652,Kylafood Jakarta,Seblak Rempah Autentik isi 5 pcs,Rp68.000,Jakarta Selatan,90+ terjual,4.9
653,ACHI FROZEN FOOD,seblak semaput,Rp15.000,Jakarta Timur,30+ terjual,5.0
654,tsuyoiid,Kripik Seblak Cikur Kencur kering kemasan 200gram 1pck isi 20,Rp8.000,Surabaya,50+ terjual,4.8
655,Francisco Ramirez Trendy,Terkini Bumbu Baso Aci 100 Gram Racikan Untuk Baso Aci Cuanki Seblak,Rp66.560,Jakarta Pusat,2 terjual,4.0
656,toko fisalila,PTR KERUPUK / KRUPUK SEBLAK RASA PEDAS / TERLARIS / KILOAN 500 GR,Rp94.000,Jakarta Pusat,500+ terjual,4.8
657,Queenna Snack,Basreng seblak daun jeruk pedas 500gr,Rp40.000,Kab. Majalengka,12 terjual,5.0
658,Dekinz_official,KRUPUK SEBLAK PEDAS KENCUR KILOAN 500 GRAM,Rp25.000,Bandung,3 terjual,5.0
659,Maggi Damar,Populer Cuankie / Cuanki Lidah Standar Topping Baso Aci / Seblak ( 150,Rp78.340,Jakarta Barat,4 terjual,5.0
660,CUANKI CULAMETAN,cuanki tahu kering seblak isi 50 pcs toping seblak baso aci,Rp12.500,Kab. Garut,500+ terjual,4.9
661,Yuliana Frozen,Kerupuk SEBLAK Bawang Bibir Mini/timbangan 1 kg,Rp21.000,Kab. Sidoarjo,100+ terjual,4.8
662,Seblak Mang Muss,SEBLAK INSTAN MANG MUSS - LEVEL 10,Rp13.999,Tasikmalaya,750+ terjual,4.9
663,Dapoer Nyingkur,Seblak Instan Garoet,Rp4.000,Kab. Garut,20 terjual,5.0
664,WarungSaputra,Siomay Mini Seblak 250g,Rp10.500,Bandung,60+ terjual,4.6
665,Sultan Meat Shop,Seblak Sultan instant,Rp14.000,Medan,250+ terjual,4.8
666,TOKO MBAH SIS,"KRUPUK SEBLAK BANTAT KENCUR 2,7kg 1 BAL ALMA.SNACK",Rp112.000,Jakarta Pusat,29 terjual,4.8
667,PT Picto Square,Grosir Kerupuk Merah Seblak 4.8Kg Krupuk,Rp144.667,Jakarta Pusat,,
668,CuankiCulametan,Cuanki lidah murah kiloan isi 150 toping seblak baso aci,Rp33.999,Kab. Garut,100+ terjual,4.9
669,Sylvia Store Studio,âž£âœ·âœ® kerupuk seblak seblak bantat pedas daun jeruk isi 500gram,Rp42.000,Jakarta Barat,,
670,freshshoopp,Kerupuk Seblak Kencur 1 Bal,Rp151.196,Jakarta Pusat,28 terjual,4.8
671,Almairastore1,cemilan kerupuk seblak pedas (-+250gr),Rp14.000,Bogor,2 terjual,5.0
672,grentii,GTI-902 KERUPUK SEBLAK MENTAH/ KRUPUK SEBLAK VIRAL/ KERUPUK MAWAR,Rp158.100,Jakarta Barat,2 terjual,5.0
673,lelemode,Krupuk Seblak Bantet Kencur Garing banget/Seblak Cikur/100 gr,Rp5.850,Jakarta Barat,5 terjual,4.7
674,adhean store,KRUPUK SEBLAK JABLAY KENCUR 25 KG,Rp189.000,Jakarta Selatan,,
675,Seblak Suki,seblak suki,Rp10.000,Jakarta Timur,1 terjual,
676,Keva store,Comring Seblak 200gr | Pedas | Makanan Ringan | Cemilan | Snack Renyah - Seblak Pedas,Rp19.000,Depok,100+ terjual,5.0
677,Foodstocks,Soun Seblak Geprek SAMI RAOS Khas Garut - Soun Seblak,Rp18.900,Jakarta Selatan,60+ terjual,4.9
678,kira3arut,cuanki lidah asli garut isi 150 pcs,Rp32.500,Kab. Garut,10rb+ terjual,4.9
679,twispro,SEBLAK KRUPUK BAWANG KRUPUK JABLAY PEDAS EXTRA DAUN JERUK ISI 1KG,Rp97.000,Jakarta Selatan,,
680,Pusat Cuankie & Cemilan Frozen,KERUPUK MAMBO MERAH PUTIH/ KERUPUK BAWANG MAMBO 1KG TOPPING SEBLAK MEN,Rp65.000,Jakarta Timur,,
681,Rak Sebelah,Bundle - Basranger Seblak | Baso Aci Extra Pedas | Tulang Rangu,Rp56.300,Jakarta Pusat,100+ terjual,4.9
682,src furta,COD !!! PAKET KOMPLIT! RABOKKI RAMYEON TTEOKBOKI SEBLAK BAKSO ACI,Rp195.000,Jakarta Pusat,,
683,athar--1,â€¢Kerupuk Bawang Putih/Kerupuk Seblakâ€¢,Rp24.000,Jakarta Barat,,
684,kylafood,Kylafood Mix Fav Selebgram Seblak Original & Batagor kuah,Rp47.840,Bandung,100+ terjual,4.8
685,athar--1,Kerupuk Mawar Mentah Seblak Rafael Isi220Pcs 1Kg Besar/Kecil Murah,Rp87.000,Jakarta Barat,,
686,dapishop.,KERUPUK SEBLAK Aneka Warna PEDAS ... HOT ( 1 Kg ) terbaru,Rp88.000,Jakarta Pusat,,
687,Summishoops,Terbaru Kerupuk Seblak Kencur Pedas 1Kg/Snack Kiloan Terlaris,Rp159.000,Jakarta Selatan,,
688,athar--1,Sebring (Seblak Kering) Jawara Kokinya Original *1 Kg,Rp134.000,Jakarta Barat,,
689,athar--1,Kerupuk / Krupuk Seblak Rasa Pedas 250 Gr / Seblak Kriting / Sebring /,Rp38.000,Jakarta Barat,,
690,athar--1,Kerupuk Seblak Mawar Rafael - Cikruh Daun Jeruk ( 1 Kg ),Rp152.000,Jakarta Barat,,
691,athar--1,Keripik Seblak Kaca Pedas Kecil 40G,Rp16.000,Jakarta Barat,,
692,kylafood,Kylafood Seblak Mie Baso,Rp26.125,Bandung,4rb+ terjual,4.9
693,Lemari Wanita,Seblak Jadoel Sambel Hedjo Samiraos | Seblak Instan Pedas Murah,Rp18.500,Jakarta Timur,4 terjual,5.0
694,kylafood,Seblak Tulang Rawan k.y.l Kylafood (Spesial Panen Telur),Rp24.225,Bandung,50+ terjual,5.0
695,Summishoops,Terbaru Kerupuk Oren 5Kg Topping Seblak Terlaris,Rp229.000,Jakarta Selatan,,
696,athar--1,Seblak Gurih Pedas Asli Bandung,Rp18.000,Jakarta Barat,,
697,mBrebesmili,ciomy cuanki cheese,Rp25.000,Depok,250+ terjual,4.8
698,athar--1,[Bal] Kerupuk Krupuk Seblak Mentah Bawang Warna Kuning Putih Surya,Rp131.000,Jakarta Barat,,
699,Store Karua,TERBARU Kerupuk Seblak Mentah/ Krupuk Seblak Viral/ Kerupuk Mawar 5kg,Rp234.000,Jakarta Pusat,,
700,Culametan Food,cuanki lidah isi 50 topping baso aci dan seblak,Rp11.999,Kab. Garut,6 terjual,5.0
701,athar--1,Seblak Kering Bintang & Pelangi,Rp64.000,Jakarta Barat,,
702,athar--1,Kerupuk Seblak Mentah / Krupuk Kering / Keripik Aneka Kerupuk Angka 8,Rp49.000,Jakarta Barat,,
703,athar--1,Kerupuk Potato Warna Warni 1Kg/ Topping Seblak,Rp122.000,Jakarta Barat,,
704,athar--1,Seblak Bsm Angka 88 Rasa Pedas 1 Pak Isi 10 Pcs,Rp10.000,Jakarta Barat,,
705,Summishoops,Promo Kerupuk Seblak Kencur/Seblak Cikruh Rasa Pedas Berat 1 Kg,Rp158.000,Jakarta Selatan,,
706,Summishoops,Terbaru [Termurah] Viral !!!! Snack Renyah Gurih Kerupuk Seblak 250Gr,Rp152.000,Jakarta Selatan,,
707,gebet77,"Terbaru Paket 10 Pcs,5Pcs Cuanki 5Pcs Seblak Mie",Rp52.000,Jakarta Pusat,,
708,Muysproduct,seblak instan mie bakso om brewok,Rp16.000,Kab. Bogor,5 terjual,5.0
709,Pisang Goreng Madu Bu Nanik,Keripik Singkong Balado Christine Hakim,Rp36.000,Jakarta Barat,2rb+ terjual,4.9
710,Foodstocks,Baso Aci Bapper Tulang Rangu Original Asli Bandung 220gr,Rp25.800,Jakarta Selatan,1rb+ terjual,5.0
711,athar--1,(Gratis Bonus) Cemilan 1Kg Kerupuk Seblak Kencur,Rp103.000,Jakarta Barat,,
712,Gaming Store01,Snack/Cemilan/Makanan Kerupuk Seblak Kering Kencur Merek Putri Tunggal,Rp213.000,Tangerang Selatan,500+ terjual,4.7
713,Lakoca Official Shop,Lakoca Cuanki Instan Xtra Pedas - 3 Menit Siap Santap!,Rp16.618,Cimahi,500+ terjual,4.8
714,Pusat Cuankie & Cemilan Frozen,KERUPUK BAWANG WARNA WARNI RAINBOW 1KG TOPPING SEBLAK,Rp65.000,Jakarta Timur,,
715,Gegen Shopp,Kerupuk Tersanjung 5 Kg (Ball) Kerupuk Seblak / Kerupuk Mentah / Ker,Rp169.000,Jakarta Pusat,,
716,Kylafood Jakarta,Kylafood Basreng Pedas,Rp14.000,Jakarta Selatan,250+ terjual,5.0
717,husstreas,Ready Stock Seblak Siomay Extra Pedas Dan Original Renyah Gurih Aroma,Rp19.000,Jakarta Pusat,5 terjual,4.3
718,gaiagarut,Kerupuk Jaring 500g Bahan Seblak by GG (Bisa COD/Grosir/Kargo),Rp12.499,Kab. Garut,2 terjual,5.0
719,Summishoops,Terbaru Seblak Kerupuk Pedo Kering / Seblak Kerupuk Rafael 1Kg,Rp183.000,Jakarta Selatan,,
720,tikkashop7,BARANG TERLARIS !!! Kerupuk Seblak Mentah/ Krupuk Seblak Viral/,Rp167.000,Jakarta Pusat,14 terjual,5.0
721,varisa_shop,Kerupuk Seblak Jeruk,Rp23.000,Jakarta Pusat,,
722,Jajanan Cikruh_,Seblak Cikruh 70 gr,Rp5.000,Jakarta Barat,2 terjual,5.0
723,athar--1,Seblak Kerupuk Beton Pedas Gurih 100Gram,Rp28.000,Jakarta Barat,,
724,Lidigeli,Gelichips Seblak Kering Gurih isi 260gram - Combo Seblak Kering 4pcs,Rp50.000,Kab. Garut,30+ terjual,5.0
725,CuankiCulametan,cuanki tahu pasung murah isi 10 pcs toping seblak boci mie bakso,Rp5.000,Kab. Garut,60+ terjual,4.9
726,Seblak Mang Muss,BASRENG SEBLAK MANG MUSS,Rp10.999,Tasikmalaya,250+ terjual,4.9
727,athar--1,Seblak Kerupuk Kerang Harmis Pedas Daun Jeruk,Rp47.000,Jakarta Barat,1 terjual,
728,Aqilah_0lshop,milan food bandung makaroni marapi 110gr seblak,Rp15.000,Jakarta Barat,4 terjual,
729,Nion.Nion_Official,"Kerupuk Seblak Pedas 100 Gram, Kerupuk Seblak Daun Jeruk Gurih Renyah - Original Brebes",Rp22.688,Tangerang Selatan,28 terjual,4.3
730,Zaki Idris Trendy,Kualitas Terjamin Bakso Baso Aci Isi Ayam Enak Rasa Seblak,Rp30.720,Jakarta Pusat,30+ terjual,5.0
731,ICALAY SHOP,Seblak Kerupuk Pedo Kering / Seblak Kerupuk Rafael 1Kg Original,Rp134.000,Jakarta Selatan,250+ terjual,4.8
732,Raffa_Snack21,seblak kerupuk bantet pedas 250gram - kerupuk bantet seblak pedas,Rp16.000,Kab. Garut,5 terjual,5.0
733,Seblak Cilookba,Seblak Cilookba Mozarella,Rp21.000,Kab. Bandung Barat,6 terjual,5.0
734,MelaBoci,Keripik Sebling seblak kering khas garut bikin kriting 55gr,Rp5.000,Surabaya,14 terjual,5.0
735,EPIIN STORE,PAKET KEMITRAAN SEBLAK EPIIN,Rp3.500.000,Jakarta Selatan,,
736,Gasbelisnack,Kerupuk bunga mawar putih viral seblak aa rafael 1 bal/ball 5 kg,Rp168.000,Jakarta Pusat,,
737,cookiecake,CEMILAN BOX 250 GRAM BASRENG KERUPUK SEBLAK GULUNG MAKARONI SPIRAL,Rp52.200,Jakarta Barat,,
738,mak_cudot,kerupuk seblak kering pedas daun jeruk 1kg 500gr kiloan,Rp60.000,Jakarta Utara,2 terjual,5.0
739,freshshoopp,Kerupuk Oren 5Kg Topping Baso Aci / Seblak,Rp147.280,Jakarta Pusat,1 terjual,
740,kylafood, Kylafood Paket 4 Seblak Original 1 Batagor,Rp99.615,Bandung,1rb+ terjual,4.9
741,kylafood,Kylafood Seblak Original Isi 10 pcs,Rp187.050,Bandung,25 terjual,4.7
742,Kaya Halal Market,"Seblak Instan, Praktis, Komplit Khas Sunda by Kang Idin",Rp22.100,Jakarta Selatan,30+ terjual,4.8
743,bigsky petshop,kerupuk seblak mantoell mantoeel berhadiah uang/emas,Rp16.000,Jakarta Barat,2 terjual,5.0
744,Gegen Shopp,Batagor Kering Cuanki Tahu Topping Baso Aci Dan Seblak Isi 500 Pcs,Rp190.000,Jakarta Pusat,,
745,kylafood,Kylafood Paket Batagor dan Toping Pilus,Rp35.235,Bandung,1rb+ terjual,4.9
746,Gegen Shopp,Camilan Kerupuk Seblak / Seblak Kencur Makanan Pedas Isi 10 Kg,Rp577.000,Jakarta Pusat,30+ terjual,5.0
747,mak_cudot,keripik seblak pedas sebring,Rp4.855,Jakarta Utara,1 terjual,
748,kylafood,Kylafood Batagor Kuah Play,Rp27.075,Bandung,1rb+ terjual,4.9
749,Oleh2 Maju Mulya Solo,Seblak Kering Pedas 150gr Seblak instan Bandung Kerupuk Seblak Kering,Rp11.000,Kab. Sukoharjo,28 terjual,4.9
750,FoodShop35,ready Kylafood paket Paket 2 Seblak cup + 4 Seblak Rempah autentik,Rp92.500,Bandung,70+ terjual,5.0
751,Puas Belanja Store,Seblak Kering Kerupuk Bawang Extra Daun Jeruk 100gr Sebring Pedas Asin,Rp7.500,Jakarta Barat,2 terjual,4.9
752,milkaila shop,Paket isi 5 Seblak Rempah Autentik,Rp82.600,Jakarta Barat,250+ terjual,4.9
753,Romario Markett,TERLARIS PAKET SEBLAK MIE 5 DAN BASO ACI 5PCS,Rp100.500,Jakarta Utara,10 terjual,5.0
754,Serenalsnack,Kerupuk Seblak Krenyes SERENAL SNACK & FOOD,Rp10.000,Kab. Tangerang,30+ terjual,5.0
755,adhean store,KERUPUK SEBLAK MAWAR VIRAL 1 KG MENTAH KERUPUK SEBLAK MAMANG RAFAEL,Rp58.000,Jakarta Selatan,40+ terjual,4.9
756,Gerai Snack Official Shop,Soun Seblak Geprek SAMI RAOS Khas Garut,Rp19.700,Kab. Tangerang,80+ terjual,4.8
757,The Little Snacks,Basreng Sangarrr,Rp19.900,Tangerang Selatan,750+ terjual,4.7
758,Gerai Snack Official Shop,Basreng Pinggsnack,Rp16.700,Kab. Tangerang,500+ terjual,4.8
759,WarungSaputra,Siomay Mini Seblak 150g,Rp7.560,Bandung,30+ terjual,4.9
760,renga_store,AD1 1KG Seblak Kering RAFAEL krupuk mawar pedas daun jeruk,Rp45.000,Surabaya,1 terjual,5.0
761,Baso Aci Sayang,bumbu baso aci Bumbu Seblak Komplit ,Rp5.500,Tangerang,50+ terjual,5.0
762,TOKOKUEALFATIH,"krupuk seblak jablay cikur grosir 2,5 kg",Rp80.000,Jakarta Timur,5 terjual,4.0
763,bakoelbedil,Seblak Kerupuk Mie Pedas Mampus Super / Nikmat / Nagih / BakoelBedil,Rp18.000,Jakarta Barat,4 terjual,
764,JSW Foods,Kerupuk Seblak Rafael 100 gr,Rp5.500,Kab. Bandung,2 terjual,5.0
765,Leni Pecel,BELI 10 gratis 1 Seblak boboko (200 gr) lv 13 20 snack pedas kekinian,Rp62.600,Jakarta Barat,6 terjual,5.0
766,greencan,KERUPUK SEBLAK BETON BANTAT PEDES GURIH DAUN JERUK 250GRAM,Rp30.000,Jakarta Barat,100+ terjual,4.8
767,AIRA O'SHOP,200gr Seblak Kering Pedas Jeruk by Ratu Kriuk,Rp13.000,Tasikmalaya,250+ terjual,4.9
768,PT Sakinah Cemerlang,Paket isi 5 Seblak Rempah Autentik,Rp83.000,Jakarta Barat,40+ terjual,
769,uus shop 02,kerupuk seblak kencur/ kerupuk bantet 200gr,Rp10.999,Surabaya,4 terjual,4.5
770,Sajodo Snack & Food,SEBLAK INSTAN SAJODO SNACK,Rp22.500,Tasikmalaya,100+ terjual,4.8
771,Kylafood Jakarta,Kylafood Seblak Rempah Autentik,Rp14.000,Jakarta Selatan,250+ terjual,5.0
772,Dagangan Qu,Seblak Teh Bunga,Rp13.000,Jakarta Barat,30+ terjual,5.0
773,fasyaa_id,Kyalafood Paket Komplit 5pcs Seblak batagor Makanan kekinian Enak,Rp114.500,Bandung,3 terjual,5.0
774,Sajodo Snack & Food,"[ Buy 5 Get 5 ] Special Bedug Package (Baso Aci, Seblak, Keju Aroma...",Rp150.000,Tasikmalaya,7 terjual,4.8
775,seblakumiofficial,kerupuk seblak umi keriting 150 gram,Rp17.000,Bandung,18 terjual,5.0
776,Arkadewi11,[TERMURAH] kerupuk jablay kerupuk bawang seblak pedas daun jeruk 250gr,Rp17.000,Jakarta Selatan,2 terjual,5.0
777,Kylafood Jakarta,Seblak Rempah Autentik isi 5 pcs,Rp68.000,Jakarta Selatan,90+ terjual,4.9
778,vinzakha,Kerupuk Seblak Ori,Rp25.000,Bandung,4 terjual,5.0
779,FAYEL_AE,kerupuk Seblak Pedas Kering 50gr,Rp19.500,Madiun,2 terjual,5.0
780,"Rumah Seblak, Bandung",Seblak instan tulang rangu&siomay mini gurih pedas,Rp26.000,Kab. Bekasi,7 terjual,5.0
781,Ayalifrozen,seblak instant komplit,Rp11.671,Tangerang Selatan,8 terjual,5.0
782,Aisyah_Azza,"Kerupuk bawang, seblak, kerupuk warna warni, gurih, mentah / 250gr",Rp10.000,Surabaya,8 terjual,5.0
783,Grosir Besar Kalimantan,TERMURAH ISI BANYAK 100GR KRUPUK SEBLAK/KRUPUK SEBLAK PEDAS,Rp8.000,Banjarbaru,7 terjual,5.0
784,segilapan,Seblak NENE Instan - PEDAS GURIH MANTAP,Rp15.000,Jakarta Barat,13 terjual,5.0
785,oke snack,cemilan SEBLAK KARI PEDAS 65gr,Rp4.500,Jakarta Selatan,250+ terjual,4.8
786,Yuliana Frozen,Kerupuk SEBLAK Bawang Bibir Mini/timbangan 1 kg,Rp21.000,Kab. Sidoarjo,100+ terjual,4.8
787,Seblak Mang Muss,SEBLAK INSTAN MANG MUSS - LEVEL 10,Rp13.999,Tasikmalaya,750+ terjual,4.9
788,Pusat Cuankie & Cemilan Frozen,KERUPUK KONDE 5KG TOPPING SEBLAK,Rp110.000,Jakarta Timur,5 terjual,5.0
789,alif leather 10,"seblak instan,seblak kuah",Rp6.000,Kab. Garut,17 terjual,5.0
790,CUANKI BAKSO ACI DPS,SEBLAK INSTAN BANDUNG | HALAL,Rp16.000,Denpasar,250+ terjual,4.9
791,varisa_shop,Siomay Mini Kering 500gr Renyah Gurih TOPING Seblak Baso Aci CUANKI,Rp28.000,Jakarta Pusat,24 terjual,4.0
792,Pusat Grosir Cuanki,Kerupuk Seblak Oranye (1 Kg) - Kerupuk Kemplang Matahari Pagi,Rp16.000,Kab. Bandung,2 terjual,4.8
793,CuankiCulametan,Cuanki lidah murah kiloan isi 150 toping seblak baso aci,Rp33.999,Kab. Garut,100+ terjual,4.9
794,Ra.isyah Store,seblak original,Rp25.000,Jakarta Timur,1 terjual,4.9
795,Gerald65,Good KRUPUK SEBLAK CIKRUH,Rp9.000,Surabaya,,
796,Dayanna's office,Crackerz kerupuk seblak putih 5kg,Rp145.000,Jakarta Timur,,
797,alamsanstore,MILIKI PILUS CIKUR BRJ SNACK (SEBLAK TEH BETTY) TERMURAH,Rp37.000,Jakarta Pusat,30+ terjual,5.0
798,RIKI STORE 97,Kerupuk seblak pedas extra 250 gram,Rp16.200,Kab. Bogor,1 terjual,
799,G Cakery,SIOMAY MINI KERING SEBLAK TERLARIS - 500 GR,Rp31.890,Jakarta Pusat,14 terjual,5.0
800,putri raja ngemil,seblak as beton kerupuk pedas isi 250gr viral tik tok,Rp8.999,Kab. Bandung,8 terjual,5.0
801,Keva store,Comring Seblak 200gr | Pedas | Makanan Ringan | Cemilan | Snack Renyah - Seblak Pedas,Rp19.000,Depok,100+ terjual,5.0
802,Foodstocks,Soun Seblak Geprek SAMI RAOS Khas Garut - Soun Seblak,Rp18.900,Jakarta Selatan,60+ terjual,4.9
803,kira3arut,cuanki lidah asli garut isi 150 pcs,Rp32.500,Kab. Garut,10rb+ terjual,4.9
804,laleurlanang,Cemilan (1KG) SEBLAK KERING BULAT BANTET DAUN JERUK MEGA SNACK,Rp35.999,Bekasi,5 terjual,5.0
805,Suncity.,Seblak Instan komplit,Rp8.499,Kab. Tangerang,250+ terjual,4.8
806,Rak Sebelah,Bundle - Basranger Seblak | Baso Aci Extra Pedas | Tulang Rangu,Rp56.300,Jakarta Pusat,100+ terjual,4.9
807,RIKI STORE 97,Sabring seblak pedasnya Asli 200 gram,Rp14.000,Kab. Bogor,1 terjual,4.8
808,Dayanna's office,Crackerz kerupuk seblak udang merah 5kg,Rp146.000,Jakarta Timur,5 terjual,5.0
809,kylafood,Kylafood Mix Fav Selebgram Seblak Original & Batagor kuah,Rp47.840,Bandung,100+ terjual,4.8
810,IbuAbangKitchen,Seblak Komplit Instan Ibu Abang Kitchens,Rp6.000,Jakarta Timur,1 terjual,5.0
811,RIKI STORE 97,Kerupuk seblak rasa pedas 250 gram,Rp17.000,Kab. Bogor,1 terjual,5.0
812,Join Snack,Seblak Keong/ seblak/ cemilan/ cemilan enak/ snack/ snack bandung/ ole,Rp10.000,Bandung,100+ terjual,4.9
813,ysusbabsj,Spanduk Seblak Prasmanan/Banner Warung Seblak/Seblak Prasmanan 2X1,Rp98.000,Jakarta Pusat,9 terjual,4.8
814,Dayanna's office,Crackerz KERUPUK BAWANG IRIS OREN SEBLAK / BUBUR MERK DUA ARWANA 1 BAL,Rp163.000,Jakarta Timur,90+ terjual,5.0
815,Sakalibel,Seblak Cilookba Suki,Rp22.000,Jakarta Timur,1 terjual,5.0
816,laleurlanang,Cemilan 1KG SEBLAK KERING BULAT BANTET DAUN JERUK COD,Rp32.999,Bekasi,,
817,kylafood,Kylafood Seblak Mie Baso,Rp26.125,Bandung,4rb+ terjual,4.9
818,Lemari Wanita,Seblak Jadoel Sambel Hedjo Samiraos | Seblak Instan Pedas Murah,Rp18.500,Jakarta Timur,4 terjual,5.0
819,kylafood,Seblak Tulang Rawan k.y.l Kylafood (Spesial Panen Telur),Rp24.225,Bandung,50+ terjual,5.0
820,laleurlanang,Seblak kering kerupuk jablay kerupuk bawang isi (500gram) MEGA SNACK,Rp19.700,Bekasi,90+ terjual,
821,dapurnonah,Kerupuk Bawang Seblak - Kerupuk Bawang - Seblak - Snack - Kerupuk,Rp15.900,Jakarta Barat,2 terjual,5.0
822,mBrebesmili,ciomy cuanki cheese,Rp25.000,Depok,250+ terjual,4.8
823,Vanille18,seblak jedool,Rp9.998,Kab. Sidoarjo,1 terjual,4.0
824,Kristy,CUANKI LIDAH UNTUK BASO ACI CAMILAN KERUPUK SEBLAK ISI 50 PCS,Rp15.000,Kab. Sidoarjo,2 terjual,5.0
825,Culametan Food,cuanki lidah isi 50 topping baso aci dan seblak,Rp11.999,Kab. Garut,6 terjual,5.0
826,pasarbadung,Krupuk Seblak Kencur Pedes 250 gr,Rp21.000,Denpasar,28 terjual,4.9
827,The Black Forest,Seblak Teman Mancing,Rp20.000,Tangerang,100+ terjual,4.5
828,azkhalifa store,"SEBLAK KERING JANDA ORI,SELOW,NYEBRET",Rp10.500,Depok,30+ terjual,5.0
829,sang rasa,krupuk taro jumbo buat seblak 500 gr,Rp15.000,Tangerang,1 terjual,5.0
830,warungnayla1,Kerupuk Mentah kemasan 250gr |Kerupuk Seblak |Kerupuk Oren,Rp4.490,Tasikmalaya,3 terjual,5.0
831,RIKI STORE 97,SEBLAK INSTANS SPESIAL JUMBO,Rp16.000,Kab. Bogor,2 terjual,5.0
832,Haswara Frozen,Seblak Asli Bandung,Rp18.000,Jakarta Selatan,2 terjual,5.0
833,Muysproduct,seblak instan mie bakso om brewok,Rp16.000,Kab. Bogor,5 terjual,5.0
834,Pisang Goreng Madu Bu Nanik,Keripik Singkong Balado Christine Hakim,Rp36.000,Jakarta Barat,2rb+ terjual,4.9
835,Foodstocks,Baso Aci Bapper Tulang Rangu Original Asli Bandung 220gr,Rp25.800,Jakarta Selatan,1rb+ terjual,5.0
836,mete shop55,MURAH Krupuk Seblak Mentah Aneka Varian Kemasan 250 Gram,Rp62.000,Malang,2 terjual,
837,DVA fashion and beauty,Seblak Bacitul Bakso Aci Tulang Rangu Kuah Seblak Jajanan Homifood,Rp2.000,Bandung,10 terjual,5.0
838,Lakoca Official Shop,Lakoca Cuanki Instan Xtra Pedas - 3 Menit Siap Santap!,Rp16.618,Cimahi,500+ terjual,4.8
839,lahawelah,"KHUSUS GROSIRAN - TAHU cuanki isi 500pcs Toping Baso Aci, Seblak",Rp140.000,Kab. Garut,4 terjual,5.0
840,GOLD POWER,Kylafood Special Paket 4 Seblak Cup + 1 Basreng Pedas + 1 Seblak,Rp121.000,Bekasi,7 terjual,5.0
841,kylafood,Kylafood Basreng Pedas 1000g,Rp127.880,Bandung,100+ terjual,5.0
842,Verysimple,Seblak Koin Warna Odjolali Snack,Rp12.000,Bandung,23 terjual,5.0
843,Febrina Calysta12,Basreng keripik maici biasa basreng level 10 100 gr seblak 80 gr,Rp74.000,Kab. Sidoarjo,2 terjual,5.0
844,Riskarose Shop,SEBLAK KERUPUK WARNA PEDAS / SEBRING KERUPUK PEDAS,Rp5.500,Kab. Bandung,30+ terjual,4.9
845,baso aci zahra,SEBLAK JUMBO ZAHRA,Rp5.800,Kab. Bandung,40+ terjual,4.8
846,RIKI STORE 97,kerupuk seblak bantet pedas 500 gram Terlaris,Rp30.000,Kab. Bogor,4 terjual,5.0
847,intisukses,seblak original ainiya snack,Rp8.700,Surabaya,,
848,Talitha_snack,Kerupuk Gurilem Mangkok/Seblak kemasan besar 1 kg,Rp65.000,Kab. Bandung Barat,3 terjual,5.0
849,Lakoca Official Shop,Latagor Batagor Instan Original - Tinggal Seduh 3 Menit Langsung Siap!,Rp16.618,Cimahi,750+ terjual,4.8
850,Ny Entin Foods,SEBLAKKU Pedas Gurih by Ny. Entin,Rp14.800,Bandung,250+ terjual,4.8
851,Lidigeli,Seblak Kering Gurih 65gram - CUCIGDG-SEBRING,Rp10.965,Kab. Garut,100+ terjual,5.0
852,aberlafoodbdg,PILUS CIKUR BANDUNG / TOPPING SEBLAK DAN BASO ACI 250gram,Rp15.000,Bandung,22 terjual,5.0
853,Toko Rooswiti,seblak instant komplit,Rp13.000,Jakarta Selatan,1 terjual,
854,Gerai Snack Official Shop,Soun Seblak Geprek SAMI RAOS Khas Garut,Rp19.700,Kab. Tangerang,80+ terjual,4.8
855,Pempek Emak Indah,COMBO HALU! 6PC SEBLAK MIE HALU - EMAK INDAH FOOD,Rp118.800,Jakarta Barat,28 terjual,5.0
856,KripcAntik_,krupuk seblak daun jeruk pedas 1/4Kg,Rp18.000,Cirebon,5 terjual,5.0
857,Bintang Snack & Camilan,Kerupuk seblak Mawar / Seblak Rafael / Seblak viral 500 gr - 250 gr,Rp18.500,Semarang,22 terjual,5.0
858,Warung TAMSIL,Cuankie Lidah - Ekstra toping baso aci- bahan seblak - cemilan,Rp8.000,Kab. Garut,18 terjual,5.0
859,TokoTemenMakan,Seblak cilok,Rp8.499,Kab. Bandung,40+ terjual,5.0
860,pramuditama,Kripik Pedas Molreng Seblak Pedas,Rp30.000,Malang,1 terjual,
861,bowskie store,kripik seblak pedas gurih renyah enak,Rp22.500,Bandung,8 terjual,4.8
862,Bima CCTV,Promo Murah Kerupuk Seblak 150g,Rp10.417,Kab. Sleman,7 terjual,5.0
863,Usaha Djaya Mandiri,Seblak juara instan / seblak khas bandung,Rp22.500,Bandung,3 terjual,4.6
864,RIKI STORE 97,Seblak instan Pedas Extra khas bogor Terlaris,Rp16.000,Kab. Bogor,5 terjual,5.0
865,kylafood, Kylafood Paket 4 Seblak Original 1 Batagor,Rp99.615,Bandung,1rb+ terjual,4.9
866,kylafood,Kylafood Seblak Original Isi 10 pcs,Rp187.050,Bandung,25 terjual,4.7
867,Rak Sebelah,Bundle 3pcs - Basranger Bakso Goreng Basreng Original Extra Pedas,Rp50.000,Jakarta Pusat,30+ terjual,4.9
868,argaaa,Muria Seblak Stik Cabe Merah 60 gram,Rp8.900,Jakarta Selatan,1 terjual,5.0
869,Snack VJ,seblak kerupuk kering pedas sedang,Rp15.000,Jakarta Pusat,1 terjual,5.0
870,Muysproduct,seblak instan mie original om brewok,Rp14.000,Kab. Bogor,5 terjual,5.0
871,lahawelah,"GROSIRAN - TAHU cuanki isi 1000pcs Toping Baso Aci, Seblak",Rp260.000,Kab. Garut,13 terjual,4.7
872,Toko_Ikan_ Asin_SAY,Kerupuk Seblak Gioktin / Kerupuk Mawar Viral 500gr (REPACKED),Rp15.000,Kab. Bogor,1 terjual,5.0
873,CUANKI CULAMETAN,Baso Aci Instan Culametan khas Garut ( isi 6 ),Rp4.500,Kab. Garut,3rb+ terjual,4.8
874,Zahira Official 01,Kerupuk Seblak Kering Pedas Krupuk Seblak Bumbu Kencur 250 gram,Rp15.800,Kab. Kebumen,25 terjual,4.9
875,TokoANITATJIGENOGERAIPONSEL99,Seblak Instan Baba Semua Variant (3Pcs) [Populer],Rp74.000,Jakarta Selatan,10 terjual,5.0
876,Raabihahsnack. id,kerupuk seblak kering 60 gram,Rp3.999,Bandung,6 terjual,5.0
877,LAPAK MILEA,Sajodo Snack - Seblak dan Keju Aroma,Rp18.500,Surabaya,3 terjual,5.0
878,Alanza Frozen Food,Kerupuk Mawar Bahan Seblak Babangi 1 Kg,Rp24.000,Tangerang Selatan,20 terjual,5.0
879,Lakufood Official,Seblak Laku,Rp15.000,Jakarta Selatan,7 terjual,5.0
880,Queen$DoubleShop,seblak instant komplit,Rp4.000,Jakarta Timur,50+ terjual,4.8
881,CuankiCulametan,Cuanki Pangsit kering Segitiga Cipet isi 100 toping seblak baso aci,Rp32.500,Kab. Garut,70+ terjual,4.7
882,CuankiCulametan,cuanki lidah aci 10 pcs murah toping seblak baso aci,Rp3.500,Kab. Garut,100+ terjual,5.0
883,The Little Snacks,Basreng Sangarrr,Rp19.900,Tangerang Selatan,750+ terjual,4.7
884,Verysimple,Seblak Pedas Konde Odjolali Snack,Rp12.000,Bandung,14 terjual,5.0
885,Keripik Pedas Viral,Kerupuk Seblak Ikan Gurih Aneka Rasa - Morang Morang Snack - Keju,Rp11.500,Kab. Sidoarjo,100+ terjual,5.0
886,Gerai Snack Official Shop,Basreng Pinggsnack,Rp16.700,Kab. Tangerang,500+ terjual,4.8
887,snackonsmg,Seblak Rafael Kering 250 gr,Rp19.719,Semarang,250+ terjual,4.9
888,Joyful Cuisinees,Cuanki Lidah Kerupuk Cuanky Topping Baso Aci Seblak isi 150 Pcs,Rp79.000,Tangerang Selatan,2 terjual,5.0
889,Cikiku Shop,Seblak baso aci / Soaci tulang rangu khas Garut Ajib,Rp24.000,Tangerang Selatan,15 terjual,5.0
890,gaiagarut,siomay mini GURILEM EKONOMIS 100gram Toping Baso Aci Cuanki Seblak,Rp3.759,Kab. Garut,11 terjual,5.0
891,Warung Ikan Asin Ms Rido,Kerupuk Seblak Pedas Kerupuk Seblak Kering Daun Jeruk Renyah Termurah,Rp14.999,Jakarta Utara,3 terjual,5.0
892,citi koleksi,SEBLAK INSTAN,Rp6.200,Kab. Garut,5 terjual,
893,vieka mart official,Pangsit Kuah Seblak 300g Halal,Rp17.576,Tangerang Selatan,3 terjual,
894,Zizin OS,Krupuk Seblak Mawar Pedas Murah,Rp8.999,Kab. Pasuruan,1 terjual,5.0
895,Toko ASS Jakarta,kerupuk mawar mentah putih 1 kg seblak Rafael,Rp50.000,Jakarta Utara,2 terjual,5.0
896,Sajodo Snack & Food,SEBLAK INSTAN SAJODO SNACK,Rp22.500,Tasikmalaya,100+ terjual,4.8
897,Kylafood Jakarta,Kylafood Seblak Rempah Autentik,Rp14.000,Jakarta Selatan,250+ terjual,5.0
898,Lakoca Official Shop,Paket Isi 4 Batagor Instan | Makaroni Basah | Seblak Basah,Rp64.906,Cimahi,30+ terjual,4.9
899,wafalaila,seblak 500gr Kerupuk seblak mantap,Rp22.000,Kab. Tegal,13 terjual,5.0
900,Sajodo Snack & Food,"[ Buy 5 Get 5 ] Special Bedug Package (Baso Aci, Seblak, Keju Aroma...",Rp150.000,Tasikmalaya,7 terjual,4.8
901,Super Seblak Jumjum,TAICHAN PEDAS - SUPER SEBLAK JUMJUM,Rp18.000,Kab. Kediri,5 terjual,5.0
902,H Nugraha,kerupuk seblak cikur 250gr,Rp17.800,Bandung,6 terjual,4.3
903,Kylafood Jakarta,Seblak Rempah Autentik isi 5 pcs,Rp68.000,Jakarta Selatan,90+ terjual,4.9
904,dormamuofficial,SEBLAK KERIPIK BETON 1KG CIKRUH / SEBRING KERUPUK BETON 1KG CIKRUH,Rp136.000,Jakarta Timur,5 terjual,5.0
905,goblin hijau,READY Kerupuk Seblak Pedas 500gr Morang Moreng / Kerupuk Ikan Goreng,Rp78.000,Jakarta Barat,1 terjual,5.0
906,232store,KERUPUK CUANKI TAHU KERITING TOPPING BASO ACI SEBLAK 150 PCS Termurah,Rp65.559,Jakarta Barat,5rb+ terjual,4.8
907,z&n acecoris online,kerupuk seblak mentah mix,Rp8.000,Kab. Bandung Barat,2 terjual,5.0
908,Hanui Food,Seblak Frozen,Rp16.000,Jakarta Selatan,60+ terjual,5.0
909,HAI-TOMS OLEH OLEH LAMPUNG,KERUPUK SEBLAK PEDAS Dua Mawar ,Rp22.900,Bandar Lampung,100+ terjual,4.8
910,Azmi Ngemil yukkk3,kerupuk seblak kering pedas daun jeruk krupuk bawang isi 250gram,Rp14.500,Kab. Bandung,6 terjual,5.0
911,oke snack,cemilan SEBLAK KARI PEDAS 65gr,Rp4.500,Jakarta Selatan,250+ terjual,4.8
912,Yuliana Frozen,Kerupuk SEBLAK Bawang Bibir Mini/timbangan 1 kg,Rp21.000,Kab. Sidoarjo,100+ terjual,4.8
913,Seblak Mang Muss,SEBLAK INSTAN MANG MUSS - LEVEL 10,Rp13.999,Tasikmalaya,750+ terjual,4.9
914,Taubak Huhah Snack,Seblak Coet / Rafael + bumbu  Promo beli 3 gratis 1,Rp4.999,Kab. Malang,5 terjual,5.0
915,farahmanmarket,krupuk seblak mamang rapael krupuk seblak gurih kerupuk uyel,Rp28.500,Jakarta Timur,4 terjual,5.0
916,CUANKI BAKSO ACI DPS,SEBLAK INSTAN BANDUNG | HALAL,Rp16.000,Denpasar,250+ terjual,4.9
917,afizhara store,MURAH Aneka Kerupuk Mentah berat 500gr / Krupuk Seblak,Rp16.500,Surabaya,7 terjual,5.0
918,irkha_food.id,Seblak Bapper,Rp18.000,Depok,80+ terjual,4.8
919,CuankiCulametan,Cuanki lidah murah kiloan isi 150 toping seblak baso aci,Rp33.999,Kab. Garut,100+ terjual,4.9
920,Macaroni Dower,Macaroni pipa rasa Seblak kemasan plastik,Rp6.000,Malang,1 terjual,5.0
921,Ar-Raihanstore,Cemilan Kerupuk Seblak Kering Daun Jeruk Rasa Pedas Manis (250 gr),Rp6.000,Kab. Cirebon,6 terjual,
922,Mega Snack 095,KERIPIK SEBLAK JENGKOL 250GR BANYAK RASA DAUN JERUK,Rp9.000,Cimahi,22 terjual,5.0
923,GOURMET GROOVE,Marenta [ Paket Jajan ] Baso Aci Pedas - Seblak - Cireng Rujak,Rp78.600,Jakarta Timur,3 terjual,5.0
924,sunshinemasker id,KERUPUK SEBLAK krupuk les putih bawang cabe patas,Rp7.000,Kab. Kendal,40+ terjual,5.0
925,ayusho32,Parayu Food - Paket Bundling Mama - 5 Baso Aci + 5 Seblak Instant,Rp290.000,Kab. Karawang,4 terjual,5.0
926,Maennys,KERUPUK BAWANG WARNA WARNI / KERUPUK SEBLAK / KRUPUK KERING / KERIPIK,Rp5.700,Surabaya,15 terjual,5.0
927,Keva store,Comring Seblak 200gr | Pedas | Makanan Ringan | Cemilan | Snack Renyah - Seblak Pedas,Rp19.000,Depok,100+ terjual,5.0
928,Foodstocks,Soun Seblak Geprek SAMI RAOS Khas Garut - Soun Seblak,Rp18.900,Jakarta Selatan,60+ terjual,4.9
929,kira3arut,cuanki lidah asli garut isi 150 pcs,Rp32.500,Kab. Garut,10rb+ terjual,4.9
930,seblak_endull,seblak kerupuk bantet kering bandung 1kg,Rp20.000,Kab. Bandung,8 terjual,5.0
931,Sriyani9843,KERUPUK SEBLAK BANTET SUPER PEDAS (**),Rp17.000,Semarang,1 terjual,5.0
932,Rak Sebelah,Bundle - Basranger Seblak | Baso Aci Extra Pedas | Tulang Rangu,Rp56.300,Jakarta Pusat,100+ terjual,4.9
933,storegazella,"KERUPUK SEBLAK MENTAH RANTAI/TARAJE/TANGGA/JARING 250g,500 g",Rp100.500,Bandung,2 terjual,5.0
934,mete shop55,NAGIHI KERUPUK BAWANG MENTAH/KERUPUK SEBLAK MENTAH MEREK TIGA,Rp72.000,Malang,,
935,Jajanan Hits (JS),Seblak Tulang Rangu Nyai Mercon,Rp21.000,Tangerang Selatan,40+ terjual,5.0
936,greencan,itabilashop krupuk seblak keriting aneka rasa [100gr],Rp14.000,Jakarta Barat,17 terjual,5.0
937,Tokoo_May Express Nuri,SII Seblak 150gr,Rp20.600,Makassar,4 terjual,5.0
938,ningsih778,Terlaris! 1KG Kerupuk Seblak Kang Asep Spesial Daun Jeruk,Rp66.000,Jakarta Barat,,
939,Mega_Snack_095,seblak bantat krupuk jaat beton 100 grm daun jeruk,Rp4.400,Cimahi,12 terjual,5.0
940,fajarfatihacollections,Vâ™ªNN KERUPUK BAWANG MENTAH -+5KG UNTUK SEBLAK WARNA WARNI. WAJIB,Rp103.000,Kab. Tangerang,3 terjual,5.0
941,Rebina Frozen Mart,CIKEMAM Seblak Seuhah,Rp16.500,Bandung,4 terjual,
942,warungkopay,"Cikur / Pilus Anisa Sari 230 Gram, Bahan Seblak",Rp21.000,Depok,14 terjual,5.0
943,kylafood,Kylafood Seblak Mie Baso,Rp26.125,Bandung,4rb+ terjual,4.9
